[
  {
    "enabled": true,
    "name": "百度汉语",
    "showRule": "@js:var jsoup = org.jsoup.Jsoup.parse(result)\njsoup.select(\"script,#word-header,#term-header,.more-button,.disactive,#download-wrapper,#upload-dialog,#right-panel,#success-dialog,.toast-wrap,div[style^=color],.baike-feedback,#cishumean-wrapper,#syn_ant_wrapper,#baike-wrapper\").remove()\njsoup.select(\"#content-panel\").html()",
    "sortNumber": 0,
    "urlRule": "https://dict.baidu.com/s?wd={{key}}"
  },
  {
    "enabled": true,
    "name": "海词英文",
    "showRule": "tag.body@all",
    "sortNumber": 1,
    "urlRule": "https://apii.dict.cn/mini.php?q={{key}}"
  }
]