[
  {
    "lastUseTime": 1737948645900,
    "usage": 2,
    "word": "别人验P"
  },
  {
    "lastUseTime": 1707638002814,
    "usage": 1,
    "word": "别人验尸"
  },
  {
    "lastUseTime": 1741527953374,
    "usage": 3,
    "word": "别人验尸你起卩"
  },
  {
    "lastUseTime": 1739760793460,
    "usage": 2,
    "word": "别人验尸你起尸"
  },
  {
    "lastUseTime": 1738915770568,
    "usage": 2,
    "word": "我银河霸主"
  },
  {
    "lastUseTime": 1738915814609,
    "usage": 2,
    "word": "银河霸主"
  },
  {
    "lastUseTime": 1739760102652,
    "usage": 2,
    "word": "鬼物品"
  },
  {
    "lastUseTime": 1727945686639,
    "usage": 1,
    "word": "鬼物"
  },
  {
    "lastUseTime": 1727945691340,
    "usage": 1,
    "word": "鬼物末世"
  },
  {
    "lastUseTime": 1730792689311,
    "usage": 1,
    "word": "鬼物末世：这里怎么闹人了"
  },
  {
    "lastUseTime": 1742442529285,
    "usage": 5,
    "word": "别人验尸你起尸，你管这叫法医？"
  },
  {
    "lastUseTime": 1740931219017,
    "usage": 1,
    "word": "昔年已逝，浮生未歇"
  },
  {
    "lastUseTime": 1740931281323,
    "usage": 1,
    "word": "昔年已逝"
  },
  {
    "lastUseTime": 1741343796388,
    "usage": 1,
    "word": "别人验尸你"
  },
  {
    "lastUseTime": 1741527955439,
    "usage": 1,
    "word": "别人验尸你起"
  },
  {
    "lastUseTime": 1741527983039,
    "usage": 1,
    "word": "时间商人"
  },
  {
    "lastUseTime": 1742443277649,
    "usage": 12,
    "word": "祝清欢蒋慕辰"
  },
  {
    "lastUseTime": 1742642900535,
    "usage": 2,
    "word": "全家送我去传销窝点,却不知那是我老家"
  },
  {
    "lastUseTime": 1742642903372,
    "usage": 1,
    "word": "为了庆祝我被认回的第1个新年"
  },
  {
    "lastUseTime": 1742643014664,
    "usage": 1,
    "word": "全家送我去"
  },
  {
    "lastUseTime": 1742963364986,
    "usage": 1,
    "word": "重生后我打脸"
  },
  {
    "lastUseTime": 1742963377993,
    "usage": 1,
    "word": "重生后我打脸未婚夫"
  },
  {
    "lastUseTime": 1743166509094,
    "usage": 1,
    "word": "校花的贴身高手"
  }
]