[
  {
    "author": "咸鱼翻身y",
    "bookUrl": "https://novelapi.baidu.com/boxnovel/cors?osname=bdboxnovelsdk&action=novel&type=detail&tojsondata=1&data={\"gid\":\"4356905175\",\"frombox\":true}",
    "canUpdate": true,
    "coverUrl": "https://dss1.baidu.com/6ONXsjip0QIZ8tyhnq/it/u=3781870461,403737253&fm=179&app=35&f=JPEG?w=267&h=356&s=8C9749965A972DFF7CBD9CE403002015",
    "durChapterIndex": 0,
    "durChapterPos": 0,
    "durChapterTime": 1752048251140,
    "durChapterTitle": "1 让你验尸，你直接起尸？！",
    "group": 0,
    "intro": "　　🔗 阅文集团作品\n　　♥️ 96500人收藏\n　　📖 153435人在看\n　　💬 6.5分/6397人\n　　📄 简介：“如果我没记错的话，你的职业是法医吧？”\n　　张枫身为一个实力强大的导师，即将成为下一代天师，可在接受天师度的时候出了叉子，居然穿越到了现在的这个世界。\n　　睁眼就发现自己成为了一个法医，上来就被要求验尸调查受害者死因。\n　　张枫表示自己要崩溃了：\n　　“验尸这玩意儿我不会啊！这咋办？”\n　　手里拿着手术刀的张枫，看着面前惨白的尸体：\n　　“解剖？解个屁！”\n　　“道爷今天跟你借个人！急急如律令！给我起！”\n　　解剖台上已经溃烂的尸体弹身而起的瞬间，整个世界都安静了。\n　　……",
    "kind": "悬疑,推理侦探,小说,连载,0.05元/千字",
    "lastCheckCount": 0,
    "lastCheckTime": 1752748118982,
    "latestChapterTime": 1752048248023,
    "latestChapterTitle": "501 这是听到了什么惊天大秘密？！",
    "name": "别人验尸你起尸，你管这叫法医？",
    "order": -1,
    "origin": "https://novelapi.baidu.com",
    "originName": "百度免费小说",
    "originOrder": 65,
    "readConfig": {
      "dailyChapters": 3,
      "delTag": 0,
      "reSegment": false,
      "readSimulating": false,
      "reverseToc": false,
      "splitLongChapter": true
    },
    "syncTime": 0,
    "tocUrl": "https://novelapi.baidu.com/searchbox?action=novel&type=chapter,{\"method\":\"POST\",\"body\":\"data={\\\"gid\\\":4356905175}\"}",
    "totalChapterNum": 501,
    "type": 8,
    "wordCount": "112.4万字"
  }
]