[
  {
    "bookName": "昔年已逝",
    "deviceId": "",
    "lastRead": 1740931359787,
    "readTime": 1609
  },
  {
    "bookName": "时间商人",
    "deviceId": "",
    "lastRead": 1741528008554,
    "readTime": 10103
  },
  {
    "bookName": "阮妤汐陆淮旻 季菲雪殷硕川 祝清欢蒋慕辰",
    "deviceId": "",
    "lastRead": 1742439616533,
    "readTime": 518
  },
  {
    "bookName": "祝清欢蒋慕辰",
    "deviceId": "",
    "lastRead": 1742439815055,
    "readTime": 12145
  },
  {
    "bookName": "龙藏",
    "deviceId": "",
    "lastRead": 1742440191932,
    "readTime": 3271
  },
  {
    "bookName": "祝清欢蒋慕辰（别名：帝轮）",
    "deviceId": "",
    "lastRead": 1742443197131,
    "readTime": 2429
  },
  {
    "bookName": "全家送我去柬埔寨，可这正合我意",
    "deviceId": "",
    "lastRead": 1742643043123,
    "readTime": 17061
  },
  {
    "bookName": "重生后我打脸未婚夫的绿茶青梅",
    "deviceId": "",
    "lastRead": 1742963915384,
    "readTime": 434707
  },
  {
    "bookName": "别人验尸你起尸，你管这叫法医？",
    "deviceId": "",
    "lastRead": 1752048248612,
    "readTime": 1430578
  }
]