[
  {
    "bgAlpha": 100,
    "bgStr": "#ffc0edc6",
    "bgStrEInk": "#FFFFFF",
    "bgStrNight": "#000000",
    "bgType": 0,
    "bgTypeEInk": 0,
    "bgTypeNight": 0,
    "darkStatusIcon": true,
    "darkStatusIconEInk": true,
    "darkStatusIconNight": false,
    "footerMode": 0,
    "footerPaddingBottom": 10,
    "footerPaddingLeft": 13,
    "footerPaddingRight": 17,
    "footerPaddingTop": 0,
    "headerMode": 0,
    "headerPaddingBottom": 0,
    "headerPaddingLeft": 19,
    "headerPaddingRight": 16,
    "headerPaddingTop": 10,
    "letterSpacing": -0.05,
    "lineSpacingExtra": 12,
    "name": "微信读书",
    "paddingBottom": 4,
    "paddingLeft": 22,
    "paddingRight": 22,
    "paddingTop": 5,
    "pageAnim": 0,
    "pageAnimEInk": 3,
    "paragraphIndent": "　　",
    "paragraphSpacing": 3,
    "showFooterLine": true,
    "showHeaderLine": true,
    "textBold": 0,
    "textColor": "#ff0b0b0b",
    "textColorEInk": "#000000",
    "textColorNight": "#ADADAD",
    "textFont": "",
    "textSize": 17,
    "tipColor": -10461088,
    "tipDividerColor": -1,
    "tipFooterLeft": 7,
    "tipFooterMiddle": 0,
    "tipFooterRight": 6,
    "tipHeaderLeft": 1,
    "tipHeaderMiddle": 0,
    "tipHeaderRight": 2,
    "titleBottomSpacing": 0,
    "titleMode": 0,
    "titleSize": 4,
    "titleTopSpacing": 0,
    "underline": false
  },
  {
    "bgAlpha": 100,
    "bgStr": "#FFFFFF",
    "bgStrEInk": "#FFFFFF",
    "bgStrNight": "#000000",
    "bgType": 0,
    "bgTypeEInk": 0,
    "bgTypeNight": 0,
    "darkStatusIcon": true,
    "darkStatusIconEInk": true,
    "darkStatusIconNight": false,
    "footerMode": 0,
    "footerPaddingBottom": 6,
    "footerPaddingLeft": 16,
    "footerPaddingRight": 16,
    "footerPaddingTop": 6,
    "headerMode": 0,
    "headerPaddingBottom": 0,
    "headerPaddingLeft": 16,
    "headerPaddingRight": 16,
    "headerPaddingTop": 0,
    "letterSpacing": 0.1,
    "lineSpacingExtra": 12,
    "name": "预设1",
    "paddingBottom": 6,
    "paddingLeft": 16,
    "paddingRight": 16,
    "paddingTop": 6,
    "pageAnim": 0,
    "pageAnimEInk": 3,
    "paragraphIndent": "　　",
    "paragraphSpacing": 2,
    "showFooterLine": true,
    "showHeaderLine": false,
    "textBold": 0,
    "textColor": "#000000",
    "textColorEInk": "#000000",
    "textColorNight": "#FFFFFF",
    "textFont": "",
    "textSize": 20,
    "tipColor": 0,
    "tipDividerColor": -1,
    "tipFooterLeft": 1,
    "tipFooterMiddle": 0,
    "tipFooterRight": 6,
    "tipHeaderLeft": 2,
    "tipHeaderMiddle": 0,
    "tipHeaderRight": 3,
    "titleBottomSpacing": 0,
    "titleMode": 0,
    "titleSize": 0,
    "titleTopSpacing": 0,
    "underline": false
  },
  {
    "bgAlpha": 100,
    "bgStr": "#DDC090",
    "bgStrEInk": "#FFFFFF",
    "bgStrNight": "#3C3F43",
    "bgType": 0,
    "bgTypeEInk": 0,
    "bgTypeNight": 0,
    "darkStatusIcon": true,
    "darkStatusIconEInk": true,
    "darkStatusIconNight": false,
    "footerMode": 0,
    "footerPaddingBottom": 6,
    "footerPaddingLeft": 16,
    "footerPaddingRight": 16,
    "footerPaddingTop": 6,
    "headerMode": 0,
    "headerPaddingBottom": 0,
    "headerPaddingLeft": 16,
    "headerPaddingRight": 16,
    "headerPaddingTop": 0,
    "letterSpacing": 0.1,
    "lineSpacingExtra": 12,
    "name": "预设2",
    "paddingBottom": 6,
    "paddingLeft": 16,
    "paddingRight": 16,
    "paddingTop": 6,
    "pageAnim": 0,
    "pageAnimEInk": 3,
    "paragraphIndent": "　　",
    "paragraphSpacing": 2,
    "showFooterLine": true,
    "showHeaderLine": false,
    "textBold": 0,
    "textColor": "#3E3422",
    "textColorEInk": "#000000",
    "textColorNight": "#DCDFE1",
    "textFont": "",
    "textSize": 20,
    "tipColor": 0,
    "tipDividerColor": -1,
    "tipFooterLeft": 1,
    "tipFooterMiddle": 0,
    "tipFooterRight": 6,
    "tipHeaderLeft": 2,
    "tipHeaderMiddle": 0,
    "tipHeaderRight": 3,
    "titleBottomSpacing": 0,
    "titleMode": 0,
    "titleSize": 0,
    "titleTopSpacing": 0,
    "underline": false
  },
  {
    "bgAlpha": 100,
    "bgStr": "#C2D8AA",
    "bgStrEInk": "#FFFFFF",
    "bgStrNight": "#3C3F43",
    "bgType": 0,
    "bgTypeEInk": 0,
    "bgTypeNight": 0,
    "darkStatusIcon": false,
    "darkStatusIconEInk": true,
    "darkStatusIconNight": false,
    "footerMode": 0,
    "footerPaddingBottom": 6,
    "footerPaddingLeft": 16,
    "footerPaddingRight": 16,
    "footerPaddingTop": 6,
    "headerMode": 0,
    "headerPaddingBottom": 0,
    "headerPaddingLeft": 16,
    "headerPaddingRight": 16,
    "headerPaddingTop": 0,
    "letterSpacing": 0.1,
    "lineSpacingExtra": 12,
    "name": "预设3",
    "paddingBottom": 6,
    "paddingLeft": 16,
    "paddingRight": 16,
    "paddingTop": 6,
    "pageAnim": 0,
    "pageAnimEInk": 3,
    "paragraphIndent": "　　",
    "paragraphSpacing": 2,
    "showFooterLine": true,
    "showHeaderLine": false,
    "textBold": 0,
    "textColor": "#596C44",
    "textColorEInk": "#000000",
    "textColorNight": "#88C16F",
    "textFont": "",
    "textSize": 20,
    "tipColor": 0,
    "tipDividerColor": -1,
    "tipFooterLeft": 1,
    "tipFooterMiddle": 0,
    "tipFooterRight": 6,
    "tipHeaderLeft": 2,
    "tipHeaderMiddle": 0,
    "tipHeaderRight": 3,
    "titleBottomSpacing": 0,
    "titleMode": 0,
    "titleSize": 0,
    "titleTopSpacing": 0,
    "underline": false
  },
  {
    "bgAlpha": 100,
    "bgStr": "#DBB8E2",
    "bgStrEInk": "#FFFFFF",
    "bgStrNight": "#3C3F43",
    "bgType": 0,
    "bgTypeEInk": 0,
    "bgTypeNight": 0,
    "darkStatusIcon": false,
    "darkStatusIconEInk": true,
    "darkStatusIconNight": false,
    "footerMode": 0,
    "footerPaddingBottom": 6,
    "footerPaddingLeft": 16,
    "footerPaddingRight": 16,
    "footerPaddingTop": 6,
    "headerMode": 0,
    "headerPaddingBottom": 0,
    "headerPaddingLeft": 16,
    "headerPaddingRight": 16,
    "headerPaddingTop": 0,
    "letterSpacing": 0.1,
    "lineSpacingExtra": 12,
    "name": "预设4",
    "paddingBottom": 6,
    "paddingLeft": 16,
    "paddingRight": 16,
    "paddingTop": 6,
    "pageAnim": 0,
    "pageAnimEInk": 3,
    "paragraphIndent": "　　",
    "paragraphSpacing": 2,
    "showFooterLine": true,
    "showHeaderLine": false,
    "textBold": 0,
    "textColor": "#68516C",
    "textColorEInk": "#000000",
    "textColorNight": "#F6AEAE",
    "textFont": "",
    "textSize": 20,
    "tipColor": 0,
    "tipDividerColor": -1,
    "tipFooterLeft": 1,
    "tipFooterMiddle": 0,
    "tipFooterRight": 6,
    "tipHeaderLeft": 2,
    "tipHeaderMiddle": 0,
    "tipHeaderRight": 3,
    "titleBottomSpacing": 0,
    "titleMode": 0,
    "titleSize": 0,
    "titleTopSpacing": 0,
    "underline": false
  },
  {
    "bgAlpha": 100,
    "bgStr": "#ABCEE0",
    "bgStrEInk": "#FFFFFF",
    "bgStrNight": "#3C3F43",
    "bgType": 0,
    "bgTypeEInk": 0,
    "bgTypeNight": 0,
    "darkStatusIcon": false,
    "darkStatusIconEInk": true,
    "darkStatusIconNight": false,
    "footerMode": 0,
    "footerPaddingBottom": 6,
    "footerPaddingLeft": 16,
    "footerPaddingRight": 16,
    "footerPaddingTop": 6,
    "headerMode": 0,
    "headerPaddingBottom": 0,
    "headerPaddingLeft": 16,
    "headerPaddingRight": 16,
    "headerPaddingTop": 0,
    "letterSpacing": 0.1,
    "lineSpacingExtra": 12,
    "name": "预设5",
    "paddingBottom": 6,
    "paddingLeft": 16,
    "paddingRight": 16,
    "paddingTop": 6,
    "pageAnim": 0,
    "pageAnimEInk": 3,
    "paragraphIndent": "　　",
    "paragraphSpacing": 2,
    "showFooterLine": true,
    "showHeaderLine": false,
    "textBold": 0,
    "textColor": "#3D4C54",
    "textColorEInk": "#000000",
    "textColorNight": "#90BFF5",
    "textFont": "",
    "textSize": 20,
    "tipColor": 0,
    "tipDividerColor": -1,
    "tipFooterLeft": 1,
    "tipFooterMiddle": 0,
    "tipFooterRight": 6,
    "tipHeaderLeft": 2,
    "tipHeaderMiddle": 0,
    "tipHeaderRight": 3,
    "titleBottomSpacing": 0,
    "titleMode": 0,
    "titleSize": 0,
    "titleTopSpacing": 0,
    "underline": false
  }
]