[
  {
    "articleStyle": 0,
    "customOrder": -24967,
    "enableJs": true,
    "enabled": true,
    "enabledCookieJar": false,
    "header": "{\n\"User-Agent\": \"Mozilla/5.0 (Linux; U; Android 8.1.0; zh-CN; MI 8 Lite Build/OPM1.171019.019) AppleWebKit/537.36 (KHTML, like Gecko) Version/4.0 Chrome/78.0.3904.108 UCBrowser/13.2.0.1100 Mobile Safari/537.36\"\n}",
    "lastUpdateTime": 1675946926480,
    "loadWithBaseUrl": true,
    "ruleArticles": "id.content@h3",
    "ruleLink": "a@href",
    "ruleTitle": "a@textNodes",
    "singleUrl": true,
    "sortUrl": "首页::http://yuedu.miaogongzi.net/gx.html",
    "sourceGroup": "书源",
    "sourceIcon": "https://i.loli.net/2021/06/23/S7rvWRZtPIq34MJ.png",
    "sourceName": "喵公子书源管理",
    "sourceUrl": "http://yuedu.miaogongzi.net/gx.html"
  },
  {
    "articleStyle": 0,
    "concurrentRate": "",
    "customOrder": -6,
    "enableJs": true,
    "enabled": true,
    "enabledCookieJar": true,
    "header": "{\n    'User-Agent': 'Mozilla/5.0 (Linux; Android 11; Pixel 3 XL Build/RQ3A.211001.001; wv) AppleWebKit/537.36 (KHTML, like Gecko) Version/4.0 Chrome/102.0.4988.0 Mobile Safari/537.36 SearchCraft/3.9.2 (Baidu; P1 11) '\n}",
    "lastUpdateTime": 0,
    "loadWithBaseUrl": true,
    "ruleArticles": "<js>\njson=[];\nif(baseUrl.match(/ /)){\nlist=baseUrl.replace(/http.*?wd=\\s*/,'').split(' ');\nfor(i in list){\nhref=list[i].match(/【(.*?)】/)[1];\ntext=list[i].match(/《(.*?)》/)[1];\nintro=list[i].match(/◎(.*?)◎/)[1];\nindex=list[i].match(/^(\\d+、\\d+、)/)?list[i].match(/^(\\d+、\\d+、)/)[1]:list[i].match(/^(.*?)【/)[1]\njson.push({text:text,src:href,intro:intro,index:index})\n}\n}\nJSON.stringify(json)</js>\n$.[*]",
    "ruleContent": "",
    "ruleImage": "$.src",
    "ruleLink": "$.index",
    "ruleNextPage": "",
    "rulePubDate": "$.intro",
    "ruleTitle": "$.text",
    "singleUrl": false,
    "sortUrl": "📰 日报::https://tophub.today/【https://gitee.com/i-c/tc/raw/master/dy/mt/jrrb.png】《今日热榜》◎各站热榜聚合◎ https://s.weibo.com/top/summary【https://gitee.com/i-c/tc/raw/master/dy/mt/wbrs.png】《微博热搜》◎最新鲜·最热门·最有料◎ http://top.baidu.com/【https://gitee.com/i-c/tc/raw/master/dy/mt/bdrs.png】《百度热搜》◎百度热搜各类榜单◎ https://www.zhihu.com/【https://gitee.com/i-c/tc/raw/master/dy/mt/zh.png】《知乎》◎知识分享社区◎\n\n\n🌏 新闻::http://m.people.cn/【https://gitee.com/i-c/tc/raw/master/dy/mt/rmw.png】《人民网》◎权威媒体、大众网站◎ https://m.cctv.com/【https://gitee.com/i-c/tc/raw/master/dy/mt/ysw.png】《央视网》◎中央广播电视总台◎ https://m.chinanews.com/【https://gitee.com/i-c/tc/raw/master/dy/mt/zgxww.png】《中新网》◎中国新闻网◎ https://xw.qq.com/【https://gitee.com/i-c/tc/raw/master/dy/mt/txw.png】《腾讯网》◎新闻、生活、资讯等互联网媒体平台◎ https://m.toutiao.com/【https://gitee.com/i-c/tc/raw/master/dy/mt/jrtt.png】《今日头条》◎通用信息平台◎ https://m.thepaper.cn/【https://gitee.com/i-c/tc/raw/master/dy/mt/ppxw.png】《澎湃新闻》◎问答式新闻与新闻追踪◎ https://m.jiemian.com/【https://gitee.com/i-c/tc/raw/master/dy/mt/jmxw.png】《界面新闻》◎中产阶级的新闻及商业社交平台◎ https://sina.cn/【https://gitee.com/i-c/tc/raw/master/dy/mt/xlw.png】《新浪网》◎24小时及时新闻◎ https://3g.163.com/【https://gitee.com/i-c/tc/raw/master/dy/mt/wy.png】《网易》◎中国领先的互联网技术公司◎ http://www.gov.cn/【https://gitee.com/i-c/tc/raw/master/dy/mt/gwy.png】《国务院》◎中央人民政府门户网站◎ https://m.guancha.cn/【https://gitee.com/i-c/tc/raw/master/dy/mt/gcz.png】《观察者》◎中西文化交流平台◎ https://www.huanqiu.com/【https://gitee.com/i-c/tc/raw/master/dy/mt/hqw.png】《环球网》◎中国领先的国际资讯门户◎ https://www.un.org/zh/【https://gitee.com/i-c/tc/raw/master/dy/mt/lhg.png】《联合国》◎健康地球上的和平、尊严与平等◎\n\n\n🍵 生活::https://m.douban.com/【https://gitee.com/i-c/tc/raw/master/dy/mt/db.png】《豆瓣》◎一个神奇的社区◎ https://m.idongde.com/【https://gitee.com/i-c/tc/raw/master/dy/mt/dd.png】《懂得》◎生活知识看懂得◎ https://zh.wikihow.com/【https://gitee.com/i-c/tc/raw/master/dy/mt/wh.png】《wikiHow》◎万事指南网站◎ https://bbs.leyuz.net/【https://gitee.com/i-c/tc/raw/master/dy/mt/ylsq.png】《愚乐社区》◎电影论坛、精品软件、学习教程◎ https://m.maigoo.com/【https://gitee.com/i-c/tc/raw/master/dy/mt/mgw.png】《买购网》◎品牌榜、知识榜、买购排行榜◎\n\n\n🎲 娱乐::http://i.jandan.net/【https://gitee.com/i-c/tc/raw/master/dy/mt/jd.png】《煎蛋》◎地球上没有新鲜事◎ https://www.zhangzs.com/【https://gitee.com/i-c/tc/raw/master/dy/mt/zzs.png】《涨姿势》◎骚年,来这里涨点姿势吧！◎ http://m.ifanjian.net/【https://gitee.com/i-c/tc/raw/master/dy/mt/fjz.png】《泛见志》◎一个有内涵的网站◎ https://www.dbbqb.com/【https://gitee.com/i-c/tc/raw/master/dy/mt/dbzjsj.png】《逗比拯救世界》◎专业的表情包搜索网站◎ https://m.soogif.com/【https://gitee.com/i-c/tc/raw/master/dy/mt/soogif.png】《SOOGIF》◎gif制作及搜索◎ https://m.hupu.com/【https://gitee.com/i-c/tc/raw/master/dy/mt/hp.png】《虎扑》◎体育、游戏等兴趣社区◎\n\n\n🎰 游媒::https://www.gcores.com/【https://gitee.com/i-c/tc/raw/master/dy/mt/jh.png】《机核GCORES》◎分享游戏玩家生活，探讨游戏相关文化。◎ http://www.chuapp.com/【https://gitee.com/i-c/tc/raw/master/dy/mt/cl.png】《触乐》◎国内最优秀的游戏媒体之一◎ https://www.yystv.cn/【https://gitee.com/i-c/tc/raw/master/dy/mt/yys.png】《游研社》◎游戏新媒体◎ http://www.nadianshi.com/【https://gitee.com/i-c/tc/raw/master/dy/mt/synds.png】《手游那点事》◎关注手机游戏运营和手机游戏推广◎ https://www.vgtime.com/【https://gitee.com/i-c/tc/raw/master/dy/mt/yxsg.png】《游戏时光》◎分享游戏乐趣◎\n\n\n📡 直播::https://livechina.cctv.com/index.shtml【https://gitee.com/i-c/tc/raw/master/dy/mt/zbzg.png】《直播中国》◎展现美丽中国◎ http://m.haoqu99.com/【https://gitee.com/i-c/tc/raw/master/dy/mt/hqtv.png】《好趣网》◎2000套高清网络电视直播在线观看◎ http://m.aikantv.org/【https://gitee.com/i-c/tc/raw/master/dy/mt/aktv.png】《爱看TV》◎高清电视直播在线观看◎ http://tv.cctv.com/m/【https://gitee.com/i-c/tc/raw/master/dy/mt/yszb.png】《央视直播》◎中央广播电视总台◎ https://live.64ma.com/【https://gitee.com/i-c/tc/raw/master/dy/mt/64m.png】《64码电视直播》◎直播回看在线观看◎ http://www.tvquanqiu.com/【https://gitee.com/i-c/tc/raw/master/dy/mt/kqq.png】《看全球》◎世界各国电视台直播在线观看◎ https://m.huya.com/【https://gitee.com/i-c/tc/raw/master/dy/mt/hyzb.png】《虎牙直播》◎弹幕式互动直播平台◎ https://m.douyu.com/【https://gitee.com/i-c/tc/raw/master/dy/mt/dyzb.png】《斗鱼直播》◎每个人的直播平台◎ https://wap.yy.com/【https://gitee.com/i-c/tc/raw/master/dy/mt/yyzb.png】《ＹＹ直播》◎全民娱乐的互动直播平台◎ https://live.douyin.com/【https://gitee.com/i-c/tc/raw/master/dy/mt/dy.png】《抖音直播》◎人气火爆的抖音直播间大全◎\n\n\n📻 音频::https://podtown.xyz/【https://gitee.com/i-c/tc/raw/master/dy/mt/bkxz.png】《播客小镇》◎播客节目聚合◎ http://diantaiwang.com/【https://gitee.com/i-c/tc/raw/master/dy/mt/wlgbdt.png】《广播电台》◎电台之家提供电台网址电台节目查询◎ https://sao.fm/【https://gitee.com/i-c/tc/raw/master/dy/mt/safm.png】《思奥FM》◎网络收音机◎ http://m.cnr.cn/#/pages/broadcast/broadcast【https://gitee.com/i-c/tc/raw/master/dy/mt/ygw.png】《央广电台》◎中央广播电视总台◎ https://m.qtfm.cn/【https://gitee.com/i-c/tc/raw/master/dy/mt/qtfm.png】《蜻蜓FM》◎听书听小说听电台◎ https://m.lizhi.fm/【https://gitee.com/i-c/tc/raw/master/dy/mt/lzfm.png】《荔枝FM》◎广播剧听书直播◎\n\n\n🎶 音乐::https://www.tosound.com/【https://gitee.com/i-c/tc/raw/master/dy/mt/ts.png】《淘声》◎全球免费声音素材聚合平台◎ http://www.xmsj.org/【https://gitee.com/i-c/tc/raw/master/dy/mt/yyssq.png】《音乐搜索器》◎多站合一音乐搜索，音乐在线试听◎ http://www.waasaa.com/【https://gitee.com/i-c/tc/raw/master/dy/mt/wsw.png】《挖沙网》◎挖沙，放肆幻听◎ http://www.ningmeng.name/【https://gitee.com/i-c/tc/raw/master/dy/mt/sfg.png】《私房歌》◎民谣，独立◎ https://ifish.fun/【https://gitee.com/i-c/tc/raw/master/dy/mt/ysyy.png】《洛奇Town》◎鱼声音乐精选◎ http://www.misshcl.com/【https://gitee.com/i-c/tc/raw/master/dy/mt/ysxj.png】《盐酸小姐》◎没有人像我一样◎ https://m.9ku.com/【https://gitee.com/i-c/tc/raw/master/dy/mt/jkyy.png】《九酷音乐》◎流行歌曲大全◎ http://www.52qingyin.cn/【https://gitee.com/i-c/tc/raw/master/dy/mt/qylw.png】《清音陋屋》◎优美纯音乐精美散文分享网站◎ http://www.tyqyyw.com/【https://gitee.com/i-c/tc/raw/master/dy/mt/tyqyy.png】《田园轻音乐》◎轻音乐分享网站◎ http://m.htqyy.com/【https://gitee.com/i-c/tc/raw/master/dy/mt/htqyy.png】《好听轻音乐》◎轻音乐交流平台◎\n\n\n📺 视频::https://m.acfun.cn/【https://gitee.com/i-c/tc/raw/master/dy/mt/aczy.png】《AC正义》◎国内首家弹幕视频网站◎ https://www.xinpianchang.com/【https://gitee.com/i-c/tc/raw/master/dy/mt/xpc.png】《新片场》◎发现全球优质视频与创作人◎ https://m.bilibili.com/【https://gitee.com/i-c/tc/raw/master/dy/mt/blbl.png】《哔哩哔哩》◎国内知名的在线视频弹幕网站◎ https://haokan.baidu.com/【https://gitee.com/i-c/tc/raw/master/dy/mt/hksp.png】《好看视频》◎海量高清短视频◎ https://m.ixigua.com/【https://gitee.com/i-c/tc/raw/master/dy/mt/xgsp.png】《西瓜视频》◎高清免费在线视频◎\n\n\n📰 期刊::http://qk.demo.lifves.com/【https://gitee.com/i-c/tc/raw/master/dy/mt/qkzz.png】《电子期刊》◎初见·杂志期刊，意林、读者、故事会◎ https://m.fx361.com/【https://gitee.com/i-c/tc/raw/master/dy/mt/ckw.png】《参考网》◎过期杂志阅读平台◎ http://www.53bk.com/【https://gitee.com/i-c/tc/raw/master/dy/mt/szbz.png】《多媒体数字报纸》◎53BK数字报纸系统◎\n\n\n📄 资讯::https://wap.zol.com.cn/【https://gitee.com/i-c/tc/raw/master/dy/mt/zgczx.png】《中关村在线》◎手机,电脑等科技数码的资讯和行情报价◎ https://bohaishibei.com/【https://gitee.com/i-c/tc/raw/master/dy/mt/bhsb.png】《博海拾贝》◎博海拾贝官方网站◎ https://www.yxgapp.com/【https://gitee.com/i-c/tc/raw/master/dy/mt/yxg.png】《译学馆》◎译制知识视频的平台◎ https://m.36kr.com/【https://gitee.com/i-c/tc/raw/master/dy/mt/36k.png】《36氪》◎互联网创业资讯◎ https://m.dgtle.com/【https://gitee.com/i-c/tc/raw/master/dy/mt/szwb.png】《数字尾巴》◎丰富的数码资讯◎ https://hackernews.cc/【https://gitee.com/i-c/tc/raw/master/dy/mt/hkxw.png】《HackerNews》◎国际威胁情报、黑客动向及维基解密资讯。◎\n\n\n✏️ 设计::https://hao.uisdc.com/【https://gitee.com/i-c/tc/raw/master/dy/mt/sjswzdh.png】《设计师网站导航》◎设计师精选国内外优质网站◎ https://huaban.com/discovery/【https://gitee.com/i-c/tc/raw/master/dy/mt/hb.png】《花瓣》◎发现网络上你喜欢的事物◎ https://m.topys.cn/【https://gitee.com/i-c/tc/raw/master/dy/mt/topys.png】《TOPYS》◎创意内容平台◎ https://www.uisdc.com/【https://gitee.com/i-c/tc/raw/master/dy/mt/ys.png】《优设》◎设计师交流学习平台◎ https://m.zhisheji.com/【https://gitee.com/i-c/tc/raw/master/dy/mt/zsj.png】《致设计》◎电商设计师交流平台◎ https://m.duitang.com/【https://gitee.com/i-c/tc/raw/master/dy/mt/dt.png】《堆糖》◎美图壁纸兴趣社区◎ http://www.xueui.cn/【https://gitee.com/i-c/tc/raw/master/dy/mt/xuiw.png】《学UI网》◎UI设计师学习教程平台◎ https://www.shejipi.com/【https://gitee.com/i-c/tc/raw/master/dy/mt/sjp.png】《设计癖》◎发现好设计◎ http://www.woshipm.com/【https://gitee.com/i-c/tc/raw/master/dy/mt/rrdscpjl.png】《人人都是产品经理》◎产品经理、产品爱好者学习交流平台◎ https://www.toodaylab.com/【https://gitee.com/i-c/tc/raw/master/dy/mt/lxshsys.png】《理想生活实验室》◎创意设计与生活消费的媒体◎\n\n\n🚀 科技::https://m.guokr.com/【https://gitee.com/i-c/tc/raw/master/dy/mt/gk.png】《果壳》◎泛科技主题网站◎ https://www.pingwest.com/【https://gitee.com/i-c/tc/raw/master/dy/mt/pw.png】《品玩》◎有品好玩的科技，一切与你有关！◎ https://m.huxiu.com/【https://gitee.com/i-c/tc/raw/master/dy/mt/hx.png】《虎嗅》◎商业科技资讯◎ https://sspai.com/【https://gitee.com/i-c/tc/raw/master/dy/mt/ssp.png】《少数派》◎高品质数字消费指南◎ https://m.ithome.com/【https://gitee.com/i-c/tc/raw/master/dy/mt/itzj.png】《IT之家》◎前沿科技新闻网站◎ https://www.ifanr.com/【https://gitee.com/i-c/tc/raw/master/dy/mt/afe.png】《爱范儿》◎聚焦新创和消费主题的科技媒体◎ https://m.tmtpost.com/【https://gitee.com/i-c/tc/raw/master/dy/mt/tmt.png】《钛媒体》◎全球科技财经资讯平台◎ http://m.zealer.com/【https://gitee.com/i-c/tc/raw/master/dy/mt/zealer.png】《ZEALER》◎电子产品评测网站◎",
    "sourceComment": "//图标mt后面加1可以替换成白底黑字。例：https://gitee.com/i-c/tc/raw/master/dy/tb/mt1.png",
    "sourceGroup": "🌐 媒体",
    "sourceIcon": "https://gitee.com/i-c/tc/raw/master/dy/tb/mt.png",
    "sourceName": "媒体ᴍᵀ",
    "sourceUrl": "媒体合集",
    "style": ""
  },
  {
    "articleStyle": 0,
    "customOrder": -5,
    "enableJs": true,
    "enabled": true,
    "enabledCookieJar": true,
    "header": "{\n    'User-Agent': 'Mozilla/5.0 (Linux; Android 11; Pixel 3 XL Build/RQ3A.211001.001; wv) AppleWebKit/537.36 (KHTML, like Gecko) Version/4.0 Chrome/102.0.4988.0 Mobile Safari/537.36 SearchCraft/3.9.2 (Baidu; P1 11) '\n}",
    "lastUpdateTime": 0,
    "loadWithBaseUrl": true,
    "ruleArticles": "<js>\njson=[];\nif(baseUrl.match(/ /)){\nlist=baseUrl.replace(/http.*?wd=\\s*/,'').split(' ');\nfor(i in list){\nhref=list[i].match(/【(.*?)】/)[1];\ntext=list[i].match(/《(.*?)》/)[1];\nintro=list[i].match(/◎(.*?)◎/)[1];\nindex=list[i].match(/^(\\d+、\\d+、)/)?list[i].match(/^(\\d+、\\d+、)/)[1]:list[i].match(/^(.*?)【/)[1]\njson.push({text:text,src:href,intro:intro,index:index})\n}\n}\nJSON.stringify(json)</js>\n$.[*]",
    "ruleContent": "",
    "ruleDescription": "❗️0、1、开始❗️\n<style>\nbutton,input{\nmargin:5px\n}\n#basic-addon1,#replaceSpan1{\nbackground-color:Azure;\npadding:3px\n}\ntextarea{\nbackground-color:GhostWhite;\nborder:0px solid black\n}\n</style>\n<script>function $(selector) { return document.querySelector(selector); }\nfunction $$(selector) { return document.querySelectorAll(selector); }</script>\n<a href=\"https://www.sojson.com/rehtml\">html转义</a>&nbsp;&nbsp;<a href=\"http://www.jsons.cn/urlencode/\">URL解码</a>\n<center style=\"margin: 2vw; font-size: 1.5em; font-weight: bold;\">\n 美化发现 </center>\n<textarea rows=\"10\" id=\"input\" onfocus=\"di()\" placeholder=\"格式化发现请输入带html标签的发现内容\"></textarea>\n <br> 发现转换 </br>\n<button onclick=\"getInput1();dis()\" id=\"bt1\">格式化发现</button>\n<button onclick=\"getInput2();dis()\" id=\"bt2\">发现格式互转</button>\n<br><br> 发现排版 </br>\n<button onclick=\"getInput3(1);\" id=\"bt3\">一行四组</button>\n<button onclick=\"getInput3(2);\" id=\"bt4\">一行三组</button>\n<button onclick=\"getInput3(3);\" id=\"bt5\">一行两组</button>\n<button onclick=\"getInput3(4);\" id=\"bt6\">排版必选项</button>\n<br><br> 复制结果 </br>\n<button onclick=\"copyText()\">一键复制</button>\n<p></p><br>\n<center style=\"margin: 2vw; font-size: 1.5em; font-weight: bold;\">\n 正则表达式匹配替换 </center>\n <div class=\"form-group\">\n                    <div class=\"col-sm-12\">\n                        <textarea class=\"form-control\" onmouseover=\"this.focus();\" id=\"textSour\" name=\"textSour\" rows=\"10\" style=\"max-height: 2222px;\" placeholder=\"请输入要验证的文本\"></textarea>\n                    </div>\n                </div>\n                <div class=\"form-group\">\n                    <div class=\"col-sm-12\">\n                        <div class=\"input-group\">\n                            <span class=\"input-group-addon\" id=\"basic-addon1\">正则表达式</span>\n                            <input type=\"text\" class=\"form-control\" id=\"textPattern\" name=\"textPattern\" placeholder=\"请输入自定义正则表达式 例如：\\d{6}\" aria-describedby=\"basic-addon1\" style=\"width: 65%;\">\n                        </div>\n                    </div>\n                </div>\n                <div class=\"form-group\">\n                    <div class=\"col-sm-2\">\n                        <div class=\"input-group\" style=\"margin-left: 20px;\">\n                            <label class=\"checkbox\" style=\"cursor: pointer;\">\n                                <input type=\"checkbox\" value=\"global\" checked=\"checked\" id=\"optionGlobal\" name=\"optionGlobl\">全局搜索</label>\n                        </div>\n                    </div>\n                    <div class=\"col-sm-2\">\n                        <div class=\"input-group\" style=\"margin-left: 20px;\">\n                            <label class=\"checkbox\" style=\"cursor: pointer;\">\n                                <input type=\"checkbox\" value=\"ignoreCase\" id=\"optionIgnoreCase\" name=\"optionIgnoreCase\">忽略大小写</label>\n                        </div>\n                    </div>\n                    <div class=\"col-sm-8\">\n                        <input type=\"button\" onclick=\"return onMatch();\" value=\"验证匹配内容\" class=\"btn btn-success\">\n                        <input type=\"button\" onclick=\"Empty();\" value=\"清空输入框\" class=\"btn btn-danger\">\n<button onclick=\"copyText3()\">一键复制</button>\n                    </div>\n                </div>\n                <div class=\"form-group\">\n                    <div class=\"col-sm-12\">\n<div id=\"textResult\"></div>\n                        <textarea onmouseover=\"this.focus();\" id=\"textMatchResult\" class=\"form-control\" rows=\"10\" style=\"max-height: 2222px;\" placeholder=\"得到验证后内容，内容为空为验证失败\" readonly=\"readonly\"></textarea>\n                    </div>\n                </div>\n                <div class=\"form-group\">\n                    <div class=\"col-sm-4\">\n                        <div class=\"input-group\" style=\"width: 98%;\">\n                            <span class=\"input-group-addon\" id=\"replaceSpan1\">替换文本</span>\n                            <input type=\"text\" class=\"form-control\" id=\"textReplace\" name=\"textReplace\" placeholder=\"请输入替换内容\" aria-describedby=\"replaceSpan1\" style=\"width: 70%;\">\n<button value=\"{\\{page}}\" onclick=\"pp(this.value)\">page</button>\n<button value=\"$\" onclick=\"pp(this.value)\">$</button>\n<button value=\"&\" onclick=\"pp(this.value)\">&</button>\n<button value=\"/\" onclick=\"pp(this.value)\">/</button>\n<button value=\"_\" onclick=\"pp(this.value)\">_</button>\n<button value=\"-\" onclick=\"pp(this.value)\">-</button>\n<button value=\"+\" onclick=\"pp(this.value)\">+</button>\n<button value=\"=\" onclick=\"pp(this.value)\">=</button>\n                        </div>\n                    </div>\n                    <div class=\"col-sm-2\">\n                        <div class=\"input-group\">\n                            <button onclick=\"return onReplace()\" class=\"btn btn-success\">替换匹配内容</button>\n<button onclick=\"copyText2()\">一键复制</button>\n                        </div>\n                    </div>\n                    <div class=\"col-sm-6\">\n                    </div>\n                </div>\n                <div class=\"form-group\">\n                    <div class=\"col-sm-12\">\n                        <textarea readonly=\"readonly\" id=\"textReplaceResult\" class=\"form-control\" rows=\"10\" placeholder=\"此处为替换后内容\"></textarea>\n                    </div>\n                </div>\n                </form>\n            </div>\n        </div>\n<script>\nvar copyText = function() {\n    var text = document.getElementById('input');\n    // 选中文本\n    text.select()\n    // 复制\n    document.execCommand('copy')\n}\nvar copyText2 = function() {\n    var text = document.getElementById('textReplaceResult');\n    // 选中文本\n    text.select()\n    // 复制\n    document.execCommand('copy')\n}\nvar copyText3 = function() {\n    var text = document.getElementById('textMatchResult');\n    // 选中文本\n    text.select()\n    // 复制\n    document.execCommand('copy')\n}\n\n</script>\n<script>\nfunction pp(a){\n$(\"#textReplace\").value+=a.replace(/\\\\/,'');\n$(\"#textReplace\").focus()\n}\nfunction dis(){\ndocument.getElementById(\"bt1\").disabled=true\n}\nfunction di(){\ndocument.getElementById(\"bt1\").disabled=false\n}\nfunction getInput1(){\ntext=$(\"#input\").value;\nlist=text.match(/<a.*?href=\"([^\"]+)\".*?>([\\s\\S]+?)<\\/a>/g);\nhtml=\"\"\nif(list.length==0){\nhtml=\"格式化失败！！！请检查是否为带html标签\"\n}else{\nhtml=\"\"\n}\nfor(i in list){\na=list[i].match(/<a.*?href=\"([^\"]+)\".*?>([\\s\\S]+?)<\\/a>/);\nhtml+=a[2]+\"::\"+a[1]+\"\\n\"\n}\n$(\"#input\").value=html\n}\n\n\nfunction getInput2(){\ntext=$(\"#input\").value;\nif(text.match(/\\&\\&|::/g)){\ntext=text.replace(/\\&\\&/g,'\\n');\nlist=text.match(/.*::.*/g);\nhtml=[];\nfor(i=0;i<list.length;i++){\nl=list[i].match(/(.*)::(.*)/);\ntitle=l[1];url=l[2]\nhtml.push({\ntitle:title,\nurl:url,\nstyle:{}\n})\n}\n$(\"#input\").value=JSON.stringify(html)\n}else{\nhtml=\"\";\njson=JSON.parse(text);\nfor(i in json){\nhtml+=json[i].title+\"::\"+json[i].url+\"\\n\"\n}\n$(\"#input\").value=html\n}\n}\nfunction getInput3(flag){\ntext=$(\"#input\").value;\nif(flag==1){\njson=JSON.parse(text);\nfor(i in json){\njson[i].style.layout_flexBasisPercent=0.2\n}\n}else if(flag==2){\njson=JSON.parse(text);\nfor(i in json){\njson[i].style.layout_flexBasisPercent=0.25\n}\n}else if(flag==3){\njson=JSON.parse(text);\nfor(i in json){\njson[i].style.layout_flexBasisPercent=0.4\n}\n}else if(flag==4){\njson=JSON.parse(text);\nfor(i in json){\njson[i].style.layout_flexGrow=1\n}\n}\n$(\"#input\").value=JSON.stringify(json)\n}\nfunction setVisible(idElement, visible) {\n    var obj = document.getElementById(idElement);\n    obj.style.visibility = visible ? \"visible\" : \"hidden\";\n}\nfunction isValidFields() {\n    var textSour = document.getElementById(\"textSour\");\n    if (null == textSour.value || textSour.value.length < 1) {\n        textSour.focus();\n        JsonsMessageBox($(\"#textSour\"), \"请输入待匹配文本\");\n        return false;\n    }\n    var textPattern = document.getElementById(\"textPattern\");\n    if (null == textPattern.value || textPattern.value.length < 1) {\n        textPattern.focus();\n        JsonsMessageBox($(\"#textPattern\"), \"请输入正则表达式\");\n        return false;\n    }\n    return true;\n}\nfunction buildRegex() {\n    var op = \"\";\n    if (document.getElementById(\"optionGlobal\").checked) op = \"g\";\n    if (document.getElementById(\"optionIgnoreCase\").checked) op = op + \"i\";\n    return new RegExp(document.getElementById(\"textPattern\").value, op);\n}\nfunction onMatch() {\n    if (!isValidFields())\n        return false;\n    document.getElementById(\"textMatchResult\").value = \"\";\n    var regex = buildRegex();\n    var result = document.getElementById(\"textSour\").value.match(regex);\n    if (null == result || 0 == result.length) {\n        document.getElementById(\"textMatchResult\").value = \"（没有匹配）\";\n        return false;\n    }\n    if (document.getElementById(\"optionGlobal\").checked) {\nvar re=\"\";\n        var strResult = \"共找到 \" + result.length + \" 处匹配：\\r\\n\";\ndocument.getElementById(\"textResult\").innerText=strResult;\nfor (var i = 0; i < result.length; ++i){ re += result[i] + \"\\r\\n\";}\n        document.getElementById(\"textMatchResult\").value = re;\n    }\n    else {\n   document.getElementById(\"textMatchResult\").value = \"匹配位置：\" + regex.lastIndex + \"\\r\\n匹配结果：\"+result[0];\n    }\n    return true;\n}\nfunction onReplace() {\n    var str = document.getElementById(\"textSour\").value;\n    var regex = buildRegex();\n    document.getElementById(\"textReplaceResult\").value = str.replace(regex, document.getElementById(\"textReplace\").value);\n}\nfunction reset() {\n     $(\"#textSour\").value=\"\";\n    $(\"#textPattern\").value=\"\";\n    $(\"#textMatchResult\").value=\"\";\n    $(\"#textReplace\").value=\"\";\n    $(\"#textReplaceResult\").value=\"\";\n}\n$(\"#regCommon a\").click(function () {\n    $(\"#textPattern\").val($(this).attr(\"t\"));\n    onMatch();\n});\nfunction Empty() {\n $(\"#textSour\").value=\"\";\n    $(\"#textMatchResult\").value=\"\";\n    $(\"#textReplace\").value=\"\";\n    $(\"#textReplaceResult\").value=\"\";\n    $(\"#textSour\").select();\n}\n</script>\n❗️0、1、结束❗️\n\n\n——————分割线————————\n{{}}\n<js>\nindex='{{$.index}}';\nif(index.match(/\\d+、\\d+、/)){\nreg=eval('/❗️'+index+'开始❗️[\\\\s\\\\S]+?❗️'+index+'结束❗️/g');\nreg2=eval('/❗️'+index+'..❗️/g');\nresult=result.match(reg)?result.match(reg)[0]:'<br/>'\nresult.replace(reg2,'')}else{result=''}\n</js>",
    "ruleImage": "$.src",
    "ruleLink": "$.index\n@js:\nif(!result.match(/^http/) && !result.match(/\\d+、\\d+、/)){\nresult=\"https://www.coolapk.com/link?url=\"+encodeURIComponent(result)\n}else{result=result}",
    "ruleNextPage": "",
    "rulePubDate": "$.intro",
    "ruleTitle": "$.text",
    "singleUrl": false,
    "sortUrl": "❓ 其他::http://www.baidu.com/wd=0、1、【https://gitee.com/i-c/tc/raw/master/dy/yd/fxmh.png】《美化发现》◎阅读发现美化、正则替换◎ yuedu://booksource/importonline?src=https://www.gitlink.org.cn/api/yi-c/yd/raw?filepath=sy.json【https://gitee.com/i-c/tc/raw/master/dy/yd/sy.png】《书源更新》◎更新日期：2023年04月01日（星期六）◎ yuedu://rsssource/importonline?src=https://www.gitlink.org.cn/api/yi-c/yd/raw?filepath=dy.json【https://gitee.com/i-c/tc/raw/master/dy/yd/dy.png】《订阅更新》◎更新日期：2023年04月01日（星期六）◎ https://gitlink.org.cn/yi-c/yd/tree/master/README.md【https://gitee.com/i-c/tc/raw/master/dy/yd/fb.png】《书源发布》◎一程｜书源、订阅发布更新日志◎ https://kunfei.lanzoux.com/b0f810h4b【https://gitee.com/i-c/tc/raw/master/dy/yd/ydlogo.png】《阅读3.0测试版》◎最新版、google版、共存版下载◎ http://yuedu.miaogongzi.net/gx.html【https://gitee.com/i-c/tc/raw/master/dy/yd/bg.png】《大佬云集》◎喵公子｜书源、有声、漫画、净化……◎ https://legado.cn/【https://gitee.com/i-c/tc/raw/master/dy/yd/yd3.png】《阅读论坛》◎新阅读交流论坛◎ https://www.yuque.com/legado【https://gitee.com/i-c/tc/raw/master/dy/yd/yq.png】《阅读手册》◎使用说明、源制作、官方公告。◎ http://www.yckceo.com/【https://gitee.com/i-c/tc/raw/master/dy/yd/yck.png】《源仓库》◎阅读书源仓库◎ https://m.w3cschool.cn/regex_rmjc/regex_rmjc-n5a328cn.html【https://gitee.com/i-c/tc/raw/master/dy/yd/bcs.png】《正则表达式》◎w3cschool编程狮◎\n\n\n🌟 拾遗::https://data.newrank.cn/m/s.html?s=Py8yOTE5KDE4【https://gitee.com/i-c/tc/raw/master/dy/yd/xssy.png】《🔎小说拾遗》◎小说拾遗公众号-号内搜索◎ https://mp.weixin.qq.com/mp/appmsgalbum?action=getalbum&album_id=1319671603470581762&__biz=MzI2MDg2NjAwMg==#wechat_redirect【https://gitee.com/i-c/tc/raw/master/dy/yd/sd.png】《精选书单》◎主推优质完结和连载100万字以上小说◎ https://mp.weixin.qq.com/mp/appmsgalbum?action=getalbum&album_id=1319666229510193155&__biz=MzI2MDg2NjAwMg==#wechat_redirect【https://gitee.com/i-c/tc/raw/master/dy/yd/xs.png】《潜力新书》◎主推大神新书和20～100万字的优质新书◎ http://mp.weixin.qq.com/mp/homepage?__biz=MzI2MDg2NjAwMg==&hid=11&sn=c55d27329c109430838bc5b5f5b615b7&scene=18#wechat_redirect【https://gitee.com/i-c/tc/raw/master/dy/yd/gf.png】《高分必看》◎高分完本合集◎ https://mp.weixin.qq.com/mp/appmsgalbum?action=getalbum&album_id=1319668267623170050&__biz=MzI2MDg2NjAwMg==#wechat_redirect【https://gitee.com/i-c/tc/raw/master/dy/yd/wj.png】《近期完结》◎主推近一段时间内优质的完结小说◎ https://mp.weixin.qq.com/mp/appmsgalbum?action=getalbum&album_id=1319673664333463554&__biz=MzI2MDg2NjAwMg==#wechat_redirect【https://gitee.com/i-c/tc/raw/master/dy/yd/np.png】《女频书单》◎主推女频优质小说◎ https://mp.weixin.qq.com/mp/appmsgalbum?action=getalbum&album_id=1319675692849872897&__biz=MzI2MDg2NjAwMg==#wechat_redirect【https://gitee.com/i-c/tc/raw/master/dy/yd/hg.png】《后宫精选》◎后宫精选合集◎ https://mp.weixin.qq.com/mp/appmsgalbum?__biz=MzI2MDg2NjAwMg==&action=getalbum&album_id=1651826809002328065#wechat_redirect【https://gitee.com/i-c/tc/raw/master/dy/yd/nt.png】《年终推荐》◎精选优质完结和连载100万字以上小说◎\n\n\n⚡ 赤戟::https://mp.weixin.qq.com/mp/homepage?__biz=MzI5NTA4NjgwNw==&hid=1&sn=0fcecdc85b8c23e596880f8c895b901d&scene=18&devicetype=android-28&version=28000f3d&lang=zh_CN&nettype=WIFI&ascene=59&session_us=gh_2aa0f3c6dd8f&pass_ticket=B8GunWN7RjA2Q%2FaVYxT%2BSITrnCodRKKdEfgFLaYKNzv56Vgj9IUBy%2B6yzAlQVE4M&wx_header=1【https://gitee.com/i-c/tc/raw/master/dy/yd/cjdshjjs.png】《赤戟的书荒救济所》◎最新热门分类◎ https://mp.weixin.qq.com/mp/appmsgalbum?__biz=MzI5NTA4NjgwNw==&action=getalbum&album_id=1319454340050157569&scene=126&devicetype=android-28&version=28000f3d&lang=zh_CN&nettype=WIFI&ascene=3&pass_ticket=B8GunWN7RjA2Q%2FaVYxT%2BSITrnCodRKKdEfgFLaYKNzv56Vgj9IUBy%2B6yzAlQVE4M&wx_header=1【https://gitee.com/i-c/tc/raw/master/dy/yd/sd.png】《网文书单》◎每期三本-新书速递、养肥佳作、完本好书◎ https://mp.weixin.qq.com/mp/appmsgalbum?__biz=MzI5NTA4NjgwNw==&action=getalbum&album_id=1319393737944170497&scene=126&devicetype=android-28&version=28000f3d&lang=zh_CN&nettype=WIFI&ascene=3&pass_ticket=B8GunWN7RjA2Q%2FaVYxT%2BSITrnCodRKKdEfgFLaYKNzv56Vgj9IUBy%2B6yzAlQVE4M&wx_header=1【https://gitee.com/i-c/tc/raw/master/dy/yd/fl.png】《分类推书》◎分类大盘点◎ https://mp.weixin.qq.com/mp/appmsgalbum?__biz=MzI5NTA4NjgwNw==&action=getalbum&album_id=1319471313224040448&scene=126&devicetype=android-28&version=28000f3d&lang=zh_CN&nettype=WIFI&ascene=3&pass_ticket=B8GunWN7RjA2Q%2FaVYxT%2BSITrnCodRKKdEfgFLaYKNzv56Vgj9IUBy%2B6yzAlQVE4M&wx_header=1【https://gitee.com/i-c/tc/raw/master/dy/yd/jx.png】《澎湃精选》◎超过50万字，连载或完本的优秀作品◎ https://mp.weixin.qq.com/mp/appmsgalbum?__biz=MzI5NTA4NjgwNw==&action=getalbum&album_id=1325500020388626432&scene=126&devicetype=android-28&version=28000f3d&lang=zh_CN&nettype=WIFI&ascene=3&pass_ticket=B8GunWN7RjA2Q%2FaVYxT%2BSITrnCodRKKdEfgFLaYKNzv56Vgj9IUBy%2B6yzAlQVE4M&wx_header=1【https://gitee.com/i-c/tc/raw/master/dy/yd/sj.png】《优书数据》◎月度大数据推书◎ https://mp.weixin.qq.com/mp/appmsgalbum?__biz=MzI5NTA4NjgwNw==&action=getalbum&album_id=1333946780098330626&scene=126&devicetype=android-28&version=28000f3d&lang=zh_CN&nettype=WIFI&ascene=3&pass_ticket=B8GunWN7RjA2Q%2FaVYxT%2BSITrnCodRKKdEfgFLaYKNzv56Vgj9IUBy%2B6yzAlQVE4M&wx_header=1【https://gitee.com/i-c/tc/raw/master/dy/yd/zt.png】《网文杂谈》◎一些吃瓜趣闻，网文闲谈◎ https://mp.weixin.qq.com/mp/appmsgalbum?__biz=MzI5NTA4NjgwNw==&action=getalbum&album_id=1526356920989712387&scene=126&devicetype=android-28&version=28000f3d&lang=zh_CN&nettype=WIFI&ascene=3&pass_ticket=B8GunWN7RjA2Q%2FaVYxT%2BSITrnCodRKKdEfgFLaYKNzv56Vgj9IUBy%2B6yzAlQVE4M&wx_header=1【https://gitee.com/i-c/tc/raw/master/dy/yd/nd.png】《年度盘点》◎年度盘点各分类中诞生的新书、完本书◎ https://mp.weixin.qq.com/mp/appmsgalbum?__biz=MzI5NTA4NjgwNw==&action=getalbum&album_id=1319335766203662337&scene=126&devicetype=android-28&version=28000f3d&lang=zh_CN&nettype=WIFI&ascene=3&pass_ticket=B8GunWN7RjA2Q%2FaVYxT%2BSITrnCodRKKdEfgFLaYKNzv56Vgj9IUBy%2B6yzAlQVE4M&wx_header=1【https://gitee.com/i-c/tc/raw/master/dy/yd/qs.png】《网文趣事弹》◎各类和网文相关的趣事-每月一期◎\n\n\n📊 书单::https://vt.sm.cn/api/novelStarReco/index【https://gitee.com/i-c/tc/raw/master/dy/yd/xyts.png】《星云推书》◎书荒搜书神器◎ https://shenmezhidedu.com/【https://gitee.com/i-c/tc/raw/master/dy/yd/smzdd.png】《什么值得读》◎互联网人的书单库◎ https://www.yousuu.com/【https://gitee.com/i-c/tc/raw/master/dy/yd/ysbd.png】《优书网》◎优书网书单◎ https://www.tuishujun.com/【https://gitee.com/i-c/tc/raw/master/dy/yd/tsj.png】《推书君》◎书荒求书就找推书君◎ https://quark.sm.cn/api/rest?method=Novelnew.home&format=html&schema=v2&gender=male&cate=%E5%85%A8%E9%83%A8&rank=rank_hot&pv=2420440【https://gitee.com/i-c/tc/raw/master/dy/yd/kkbd.png】《夸克榜单》◎夸克浏览器小说榜单◎ https://m.baidu.com/sf?openapi=1&dspName=iphone&dsp=iphone&from_sf=1&pd=bookstore&resource_id=5077&type=2&card_id=5143&word=%E5%85%A8%E9%83%A8%E5%88%86%E7%B1%BB&title=%E6%9B%B4%E5%A4%9A%E6%8E%A8%E8%8D%90&tag1=%E5%85%A8%E9%83%A8%E5%88%86%E7%B1%BB&lid=11549307334103749569&referlid=11549307334103749569&ms=1&frsrcid=5143&frorder=4【https://gitee.com/i-c/tc/raw/master/dy/yd/bdbd.png】《百度榜单》◎百度浏览器小说榜单◎ https://m.qidian.com/rank/【https://gitee.com/i-c/tc/raw/master/dy/yd/qdbd.png】《起点榜单》◎起点中文网榜单◎ https://ubook.reader.qq.com/book-rank/male-monthly【https://gitee.com/i-c/tc/raw/master/dy/yd/qqyd.png】《QQ榜单》◎QQ阅读榜单◎ http://saowen.net/【https://gitee.com/i-c/tc/raw/master/dy/yd/swxy.png】《扫文小院》◎🔎登录｜耽美小说扫文网站◎ https://www.basequan.com/【https://gitee.com/i-c/tc/raw/master/dy/yd/bsq.png】《芭莳圈》◎好看的言情小说推荐◎\n\n\n💰 正版::https://wap.faloo.com/【https://gitee.com/i-c/tc/raw/master/dy/yd/flxs.png】《飞卢小说》◎同人免费小说在线阅读与下载◎ https://h5.17k.com/【https://gitee.com/i-c/tc/raw/master/dy/yd/17kxs.png】《17K小说》◎集创作、阅读于一体的在线阅读网站◎ https://m.qidian.com/【https://gitee.com/i-c/tc/raw/master/dy/yd/qdzw.png】《起点中文》◎阅文集团旗下网站◎ https://wap.jjwxc.net/【https://gitee.com/i-c/tc/raw/master/dy/yd/jjwx.png】《晋江文学》◎女性网络文学原创基地◎ https://m.zongheng.com/【https://gitee.com/i-c/tc/raw/master/dy/yd/zhzw.png】《纵横中文》◎最热门的免费小说网站◎ http://m.shuhai.com/【https://gitee.com/i-c/tc/raw/master/dy/yd/shxs.png】《书海小说》◎书海小说网◎ http://www.xmkanshu.com/【https://gitee.com/i-c/tc/raw/master/dy/yd/xmks.png】《熊猫看书》◎好看的小说阅读网站◎ https://m.zhangyue.com/【https://gitee.com/i-c/tc/raw/master/dy/yd/zy.png】《掌阅》◎好看的原创小说网◎ https://t.shuqi.com/【https://gitee.com/i-c/tc/raw/master/dy/yd/sqxs.png】《书旗小说》◎阿里巴巴集团旗下阅读平台◎ https://wap.cmread.com/【https://gitee.com/i-c/tc/raw/master/dy/yd/mgyd.png】《咪咕阅读》◎原创网络文学◎ https://yd.baidu.com/【https://gitee.com/i-c/tc/raw/master/dy/yd/bdyd.png】《百度阅读》◎全网最全小说，让时间更有价值◎ https://ubook.reader.qq.com/【https://gitee.com/i-c/tc/raw/master/dy/yd/qqyd.png】《QQ阅读》◎QQ阅读官方网站◎ https://www.ihuaben.com/【https://gitee.com/i-c/tc/raw/master/dy/yd/hbxs.png】《话本小说》◎首创气泡对话小说，写小说原创社区◎ https://wenxue.m.iqiyi.com/【https://gitee.com/i-c/tc/raw/master/dy/yd/aqywx.png】《爱奇艺文学》◎影视原著小说推荐◎ https://m.xxsy.net/【https://gitee.com/i-c/tc/raw/master/dy/yd/xxsy.png】《潇湘书院》◎免费言情小说◎ https://m.gongzicp.com/【https://gitee.com/i-c/tc/raw/master/dy/yd/cpwx.png】《长佩文学》◎更懂你的女性向阅读交流平台◎ https://m.hongxiu.com/【https://gitee.com/i-c/tc/raw/master/dy/yd/hxtx.png】《红袖添香》◎阅文集团旗下网站◎ http://h5.lc1001.com/【https://gitee.com/i-c/tc/raw/master/dy/yd/lcds.png】《连城读书》◎华语原创小说旗帜门户◎ http://m.cread.com/【https://gitee.com/i-c/tc/raw/master/dy/yd/zwsc.png】《中文书城》◎热门的网络小说◎ https://m.youdubook.com/【https://gitee.com/i-c/tc/raw/master/dy/yd/ggyd.png】《咕咕阅读》◎有毒小说网◎ http://wap.hanwujinian.com/【https://gitee.com/i-c/tc/raw/master/dy/yd/hwjn.png】《寒武纪年》◎原创耽美小说有声广播剧◎ https://m.ruochu.com/【https://gitee.com/i-c/tc/raw/master/dy/yd/rcwx.png】《若初文学》◎好看的小说推荐◎ https://m.hongshu.com/【https://gitee.com/i-c/tc/raw/master/dy/yd/hsyd.png】《红薯阅读》◎红薯中文网◎ https://m.sfacg.com/【https://gitee.com/i-c/tc/raw/master/dy/yd/sfqxs.png】《SF轻小说》◎SF轻小说网◎\n\n\n🌏 图文::http://m.wufazhuce.com/index【https://gitee.com/i-c/tc/raw/master/dy/yd/oneyg.png】《一个》◎ONE·图文阅读◎ https://www.jianshu.com/【https://gitee.com/i-c/tc/raw/master/dy/yd/js.png】《简书》◎优质的创作社区◎ http://g2.ltfc.net/category【https://gitee.com/i-c/tc/raw/master/dy/yd/zhzb.png】《中华珍宝》◎中华珍宝馆◎ https://digicol.dpm.org.cn/【https://gitee.com/i-c/tc/raw/master/dy/yd/ggbwy.png】《故宫博物院》◎数字文物库◎ http://pf.bigpixel.cn/【https://gitee.com/i-c/tc/raw/master/dy/yd/qyxskzg.png】《千亿像素看中国》◎景坤科技·放大万倍体验中国城市◎\n\n\n📜 历史::http://m.qulishi.com/【https://gitee.com/i-c/tc/raw/master/dy/yd/qlsw.png】《趣历史网》◎历史朝代表百科知识◎ http://m.y5000.com/【https://gitee.com/i-c/tc/raw/master/dy/yd/zglsw.png】《中国历史网》◎全面的历史知识阅读◎ https://www.ageeye.cn/【https://gitee.com/i-c/tc/raw/master/dy/yd/gch.png】《观沧海》◎地图分享知识◎ https://m.allhistory.com/【https://gitee.com/i-c/tc/raw/master/dy/yd/qls.png】《全历史》◎弘扬中国传统文化◎\n\n\n📄 阅读::http://lib.xcz.im/【https://gitee.com/i-c/tc/raw/master/dy/yd/xcz.png】《西窗烛》◎中华诗词库◎ https://www.gushiji.cc/【https://gitee.com/i-c/tc/raw/master/dy/yd/gsj.png】《古诗集》◎古诗词大全名句等◎ https://m.gushiwen.cn/【https://gitee.com/i-c/tc/raw/master/dy/yd/gsww.png】《古诗文网》◎古诗文经典传承◎ http://m.httpcn.com/【https://gitee.com/i-c/tc/raw/master/dy/yd/hcw.png】《汉程网》◎专业中国传统文化网站◎ https://5000yan.com/【https://gitee.com/i-c/tc/raw/master/dy/yd/5000y.png】《5000言》◎国学经典-传统文化◎ https://meiriyiwen.com/【https://gitee.com/i-c/tc/raw/master/dy/yd/mryw.png】《每日一文》◎每日一文官网◎ https://m.mingyantong.com/【https://gitee.com/i-c/tc/raw/master/dy/yd/myt.png】《名言通》◎美句佳句大全◎ https://sou-yun.cn/【https://gitee.com/i-c/tc/raw/master/dy/yd/scdq.png】《诗词》◎诗词大全◎ https://hitokoto.cn/【https://gitee.com/i-c/tc/raw/master/dy/yd/yy.png】《一言》◎一句话◎ https://web.dudianji.com/【https://gitee.com/i-c/tc/raw/master/dy/yd/ddj.png】《读典籍》◎文白对照读典籍◎ https://onehu.xyz/【https://gitee.com/i-c/tc/raw/master/dy/yd/wbsys.png】《我不是盐神》◎分享一些盐选文章，知乎免费阅读网站◎ https://ifun.cool/zhihuyanxuan【https://gitee.com/i-c/tc/raw/master/dy/yd/qj.png】《趣集》◎知乎盐选◎ https://m.rain8.com/【https://gitee.com/i-c/tc/raw/master/dy/yd/yfx.png】《雨枫轩》◎原创文学|小说|散文|杂文|诗歌|中外名著◎ https://www.juzikong.com/【https://gitee.com/i-c/tc/raw/master/dy/yd/jzk.png】《句子控》◎优美的句子◎ https://m.zbyw.cn/【https://gitee.com/i-c/tc/raw/master/dy/yd/zby.png】《字博缘》◎文言文|诗词赏析|汉语辞海◎\n\n\n📝 学习::https://www.zxx.edu.cn/【https://gitee.com/i-c/tc/raw/master/dy/yd/zhjy.png】《智慧教育》◎国家中小学智慧教育平台◎ http://www.dxzy163.com/【https://gitee.com/i-c/tc/raw/master/dy/yd/dxzyw.png】《大学资源网》◎课程培训与视频教程◎ http://m.haoduoyun.cc/【https://gitee.com/i-c/tc/raw/master/dy/yd/hddzkb.png】《好多电子课本》◎中小学师生在线阅读教材◎ http://www.jiaoshi100.com/index.php?m=content&c=index&a=lists&catid=118【https://gitee.com/i-c/tc/raw/master/dy/yd/xkbdyw.png】《作文指北》◎新课标大语文◎ https://m.ruiwen.com/【https://gitee.com/i-c/tc/raw/master/dy/yd/rww.png】《瑞文网》◎经典美文、教学资源、实用文档◎ https://m.51test.net/【https://gitee.com/i-c/tc/raw/master/dy/yd/wykw.png】《无忧考网》◎学习资源门户网站◎ https://m.5068.com/【https://gitee.com/i-c/tc/raw/master/dy/yd/5068jxzyw.png】《5068教学资源网》◎教学资源共享平台◎ https://m.ppzuowen.com/【https://gitee.com/i-c/tc/raw/master/dy/yd/ppzw.png】《皮皮作文》◎小学生作文网◎ https://m.thn21.com/【https://gitee.com/i-c/tc/raw/master/dy/yd/hyw.png】《华语网》◎由24位语文老师倾力打造的语文教育站点◎ https://m.diyifanwen.com/【https://gitee.com/i-c/tc/raw/master/dy/yd/dyfww.png】《第一范文网》◎日常写作指导、作文参考◎ https://m.riji.cn/【https://gitee.com/i-c/tc/raw/master/dy/yd/rjdq.png】《日记大全》◎小学生日记大全网◎ https://m.meiwen.com.cn/【https://gitee.com/i-c/tc/raw/master/dy/yd/mwyd.png】《美文阅读》◎足不出户阅尽天下美文◎\n\n\n🐾 儿童::https://www.gushidaquan.com.cn/【https://gitee.com/i-c/tc/raw/master/dy/yd/gsdqw1.png】《故事大全网》◎经典故事大全在线阅读◎ http://m.quangushi.com/【https://gitee.com/i-c/tc/raw/master/dy/yd/gsdqw2.png】《故事大全网》◎精彩丰富的儿童故事◎ http://gs.seeol.com/【https://gitee.com/i-c/tc/raw/master/dy/yd/gsdq4.png】《故事大全》◎童话、爱情、历史等故事大全◎ https://gushi.1or9.com/【https://gitee.com/i-c/tc/raw/master/dy/yd/gsdq3.png】《故事大全》◎10多种小故事分类大全◎ https://wap.xigushi.com/【https://gitee.com/i-c/tc/raw/master/dy/yd/xgs.png】《小故事》◎小故事大全◎ https://www.qigushi.com/【https://gitee.com/i-c/tc/raw/master/dy/yd/qgs.png】《七故事》◎儿童睡前故事大全◎ https://m.61ertong.com/【https://gitee.com/i-c/tc/raw/master/dy/yd/lyetw.png】《六一儿童网》◎儿歌视频大全◎ https://www.gushi365.com/【https://gitee.com/i-c/tc/raw/master/dy/yd/gs365.png】《故事365》◎儿童故事大全◎ http://mip.55555333.cc/【https://gitee.com/i-c/tc/raw/master/dy/yd/53gsw.png】《53故事网》◎人生哲理经典小故事◎ https://m.pcbaby.com.cn/【https://gitee.com/i-c/tc/raw/master/dy/yd/tpyqzw.png】《太平洋亲子网》◎健康育儿、品质生活◎\n\n\n📥 下书::https://new.shuge.org/【https://gitee.com/i-c/tc/raw/master/dy/yd/sg.png】《书格》◎有品格的数字古籍图书馆◎ http://zxcs.me/【https://gitee.com/i-c/tc/raw/master/dy/yd/zxcs.png】《知轩藏书》◎藏尽网络中最好的精校小说◎ https://zxcstxt.com/【https://gitee.com/i-c/tc/raw/master/dy/yd/zxcs1.png】《知轩藏书》◎精校小说下载◎ https://m.zxcs.info/【https://gitee.com/i-c/tc/raw/master/dy/yd/zxjj.png】《知轩精校》◎精校小说◎ https://m.huangdizhijia.com/【https://gitee.com/i-c/tc/raw/master/dy/yd/hdzj.png】《皇帝之家》◎精品全本电子书◎ https://book.gouyg.com/【https://gitee.com/i-c/tc/raw/master/dy/yd/ggdzs.png】《狗狗电子书》◎小说下载、电子书搜索◎ http://m.xzntxt.com/【https://gitee.com/i-c/tc/raw/master/dy/yd/znxs.png】《宅男小说》◎完结小说下载◎ https://sj.qubook.cc/【https://gitee.com/i-c/tc/raw/master/dy/yd/sjqs.png】《手机趣书》◎免费TXT小说下载◎ http://m.84sk.com/【https://gitee.com/i-c/tc/raw/master/dy/yd/bssk.png】《巴士书库》◎言情小说下载◎ https://www.15huang.com/【https://gitee.com/i-c/tc/raw/master/dy/yd/shw.png】《书荒网》◎完结小说推荐和TXT小说下载◎ https://m.zei8.vip/【https://gitee.com/i-c/tc/raw/master/dy/yd/zbw.png】《贼吧网》◎（旧书）全本精校小说下载◎ http://www.12z.cn/【https://gitee.com/i-c/tc/raw/master/dy/yd/mfxs.png】《免费小说》◎精校、完结、无错小说下载◎ https://www.jingjiaoba.com/【https://gitee.com/i-c/tc/raw/master/dy/yd/jjb.png】《精校吧》◎校对全本TXT小说下载◎ https://www.downtxts.com/【https://gitee.com/i-c/tc/raw/master/dy/yd/txtxz.png】《TXT下载》◎TXT小说网盘下载◎ https://noveless.com/【https://gitee.com/i-c/tc/raw/master/dy/yd/shbl.png】《书荒部落》◎精校全本◎ https://www.sxpdf.com/【https://gitee.com/i-c/tc/raw/master/dy/yd/sxtx.png】《书行天下（暂待观察）》◎PDF电子书学习下载站◎ https://share.shuoaini.xyz/【https://gitee.com/i-c/tc/raw/master/dy/yd/toxx.png】《share下载》◎电子书/漫画/小说/专著/软件/office/adobe/cad课程/考研/技能◎ https://tuostudy.com/【https://gitee.com/i-c/tc/raw/master/dy/yd/toxx.png】《图欧学习资源库》◎B站某UP主整合的学习资源◎\n\n\n🎧 有声::http://m.ysxs8.vip/【https://gitee.com/i-c/tc/raw/master/dy/yd/ysxsb.png】《有声小说吧》◎有声小说◎ http://m.tingshubao.com/【https://gitee.com/i-c/tc/raw/master/dy/yd/tsb.png】《听书宝》◎有声小说◎ http://m.ting56.cc/【https://gitee.com/i-c/tc/raw/master/dy/yd/56ts.png】《56听书》◎有声小说◎ https://m.tingzh.com/【https://gitee.com/i-c/tc/raw/master/dy/yd/zwts.png】《中文听书》◎有声小说◎ https://www.qmtsw.com/【https://gitee.com/i-c/tc/raw/master/dy/yd/qmts.png】《全民听书》◎有声小说◎ https://mitingshu.com/【https://gitee.com/i-c/tc/raw/master/dy/yd/xmts.png】《小米听书》◎有声小说◎ http://m.ixinmo.com/【https://gitee.com/i-c/tc/raw/master/dy/yd/xmts1.png】《心魔听书》◎有声小说◎\n\n\n📖 网文::https://kukecun.com/【https://gitee.com/i-c/tc/raw/master/dy/yd/kkc.png】《酷客村》◎🎉精选｜传统文学、网络文学◎ https://m.123duw.com/【https://gitee.com/i-c/tc/raw/master/dy/yd/123ds.png】《123读书》◎⚡优质｜部分小众小说◎ https://www.mzhu8.com/wap/【https://gitee.com/i-c/tc/raw/master/dy/yd/mzyd.png】《名著阅读》◎📚出版｜全本名著小说阅读网◎ http://m.ndlib.cn/【https://gitee.com/i-c/tc/raw/master/dy/yd/ydyd.png】《移动阅读》◎📚出版｜公共数字文化工程移动阅读◎ https://www.haitangsoshu.com/【https://gitee.com/i-c/tc/raw/master/dy/yd/htss.png】《海棠搜书》◎💗女频｜自由的小说搜索网站◎ http://www.kanqita.com/【https://gitee.com/i-c/tc/raw/master/dy/yd/01bz.png】《零一版主》◎💠其他｜版主网站导航◎\n\n\n🎨 漫画::http://www.vomicmh.com/#/home【https://gitee.com/i-c/tc/raw/master/dy/yd/vomic.png】《vomic漫画》◎漫画聚合◎ https://m.dongmanmanhua.cn/【https://gitee.com/i-c/tc/raw/master/dy/yd/dmmh.png】《咚漫漫画》◎全球数字漫画服务平台◎ https://m.dmzj.com/【https://gitee.com/i-c/tc/raw/master/dy/yd/dmzj.png】《动漫之家》◎海量漫画在线看◎ https://m.bnmh.cc/【https://gitee.com/i-c/tc/raw/master/dy/yd/bnmh.png】《百年漫画》◎言情漫画、少女爱情等类型的漫画◎ https://cn.baozimh.com/【https://gitee.com/i-c/tc/raw/master/dy/yd/bzmh.png】《包子漫画》◎超多优质漫画阅读◎ https://m.ythuiju.com/【https://gitee.com/i-c/tc/raw/master/dy/yd/pfmh.png】《扑飞漫画》◎主打免费漫画阅读◎ https://m.hmba.vip/【https://gitee.com/i-c/tc/raw/master/dy/yd/hmb.png】《韩漫吧》◎免费的韩漫网◎ https://m.zuimh.com/【https://gitee.com/i-c/tc/raw/master/dy/yd/zmh.png】《最漫画》◎热血漫画、科幻漫画、武侠漫画◎ https://m.gufengmh.com/【https://gitee.com/i-c/tc/raw/master/dy/yd/gfmh.png】《古风漫画》◎古风漫画、言情漫画、少女爱情◎\n\n\n☯ 玄学::http://m.daorenjia.com/【https://gitee.com/i-c/tc/raw/master/dy/yd/drj.png】《道人家》◎中华道藏◎ http://www.daizhige.org/【https://gitee.com/i-c/tc/raw/master/dy/yd/dzg.png】《殆知阁》◎经典藏书◎ https://www.ifreesite.com/scriptures/book.htm【https://gitee.com/i-c/tc/raw/master/dy/yd/ddd.png】《道道道》◎道神道，非人道。明不明，非常明。◎ https://www.1tiaolu.com/【https://gitee.com/i-c/tc/raw/master/dy/yd/ytl.png】《一条路》◎武术秘籍、武术大全◎ https://m.12ky.com/【https://gitee.com/i-c/tc/raw/master/dy/yd/hrky.png】《华人开运》◎风水、起名、解梦、生肖、星座◎\n\n\n👻 异闻::https://www.cbaigui.com/【https://gitee.com/i-c/tc/raw/master/dy/yd/jy.png】《纪妖》◎中国妖怪百集◎ https://www.xn--cjztj18l.com/forum.php?mod=guide&view=newthread【https://gitee.com/i-c/tc/raw/master/dy/yd/smw.png】《神秘网》◎神秘事件综合网站◎ http://www.lingyi.org/【https://gitee.com/i-c/tc/raw/master/dy/yd/zgly.png】《中国灵异》◎真实灵异事件网站◎ https://www.186317.com/【https://gitee.com/i-c/tc/raw/master/dy/yd/ggszj.png】《鬼故事之家》◎鬼故事在线阅读◎ https://www.guidaye.com/【https://gitee.com/i-c/tc/raw/master/dy/yd/gdy.png】《鬼故事网》◎原创短篇鬼故事◎ http://www.gsw888.com/【https://gitee.com/i-c/tc/raw/master/dy/yd/gsdq1.png】《故事大全》◎精选世界各地故事◎",
    "sourceComment": "//图标yd后面加1可以替换成白底黑字。例：https://gitee.com/i-c/tc/raw/master/dy/tb/yd1.png",
    "sourceGroup": "📖 阅读",
    "sourceIcon": "https://gitee.com/i-c/tc/raw/master/dy/tb/yd.png",
    "sourceName": "阅读ʏᴰ",
    "sourceUrl": "阅读合集",
    "style": "#jhss a{\nfont-size:10px;\ncolor:red;\ntext-decoration:none;\n}\n\n#jhss p{\ndisplay:inline-block;\nwidth:8em;\n}\n\n#jhss p{\nmargin:0;\npadding:0;\ncolor:#666;\n}\n\n#jhss div{\nmargin:0;\npadding:10px;\n}\n\n#jhss h1{\nmargin:0;\npadding:9px;\nfont-size:20px;\n}\n\n#jhss input{\nmargin:2px;\npadding:2px 6px;\nfont-size: 1em;\nbackground-color:rgba(200,200,200,0.5);\ncolor:#A00;\nborder:0;\nborder-radius: 3px;\ntext-decoration: none;\ntext-align:center;\n}\ntextarea{\nwidth:100%\n}\n.menu {\n\tjustify-content: space-between;\n\tmax-width: 900px;\n\tmargin: 0 5px;\n}\n.menu .button {\n\twidth: 55px;\n\theight: 15px;\n\tmin-height: 5px;\n\tmargin: 5px 0px;\n\tcursor: pointer;\n}\n.button text {\n\ttext-anchor: middle;\n\tdominant-baseline: middle;\n}\n\n.button rect {\n\twidth: 100%;\n\theight: 100%;\n\tfill: transparent;\n\tstroke: #666;\n\tstroke-width: 2px;\n}\n.button rect.busy {\n\tstroke: #fD1850;\n\tstroke-dasharray: 30 90;\n\tanimation: stroker 1s linear infinite;\n}\n.tabbox {\n\tflex: 1;\n\tdisplay: flex;\n\tflex-flow: column;\n}\n.tabtitle {\n\tdisplay: flex;\n\tz-index: 1;\n\tjustify-content: center;\n}\n.tabtitle>div {\n\tcursor: pointer;\n\tpadding: 1px 10px 0 10px;\n\tborder-bottom: 3px solid transparent;\n\tfont-weight: bold;\n}\n.tabtitle>.this {\n\tcolor: #4f9da6;\n\tborder-bottom-color: #4EBBE4;\n}\n.tabbody {\n\tflex: 1;\n\tdisplay: flex;\n\tmargin-top: -1px;\n\tborder: 1px solid #A9A9A9;\n\theight: 0;\n}\n.tabbody>* {\n\tflex: 1;\n\tflex-flow: column;\n\tdisplay: none;\n}\n.tabbody>.this {\n\tdisplay: flex;\n}\n.tabbody>*>.titlebar{\n\tdisplay: flex;\n}\n.tabbody>*>.titlebar>*{\n\tflex: 1;\n\tmargin: 1px 1px 1px 1px;\n}\n.tabbody>*>.context {\n\tflex: 1;\n\tflex-flow: column;\n\tborder: 0;\n\tpadding: 5px;\n\toverflow-y: auto;\n}\n.tabbody>*>.inputbox{\n\tborder: 0;\n\tborder-bottom: #A9A9A9 solid 1px;\n\theight: 15px;\n\ttext-align:center;\n}\n.link>* {\n\tdisplay: flex;\n\tmargin: 5px;\n\tborder-bottom: 1px solid;\n\ttext-decoration: none;\n}\n#RuleList>label>* {\n\tbackground: #eee;\n\tpadding-left: 3px;\n\tmargin: 2px 0;\n\tcursor: pointer;\n}\n#RuleList input[type=radio] {\n\tdisplay: none;\n}\n#RuleList input[type=\"radio\"]:checked+* {\n\tbackground: #15cda8;\n}\n.isError {\n\tcolor: #FF0000;\n}\n#RuleJsonString{\nheight:600px\n}\nsvg text{\nfont-size:10px\n}"
  },
  {
    "articleStyle": 0,
    "customOrder": -4,
    "enableJs": true,
    "enabled": true,
    "enabledCookieJar": true,
    "header": "{\n    'User-Agent': 'Mozilla/5.0 (Linux; Android 11; Pixel 3 XL Build/RQ3A.211001.001; wv) AppleWebKit/537.36 (KHTML, like Gecko) Version/4.0 Chrome/102.0.4988.0 Mobile Safari/537.36 SearchCraft/3.9.2 (Baidu; P1 11) '\n}",
    "lastUpdateTime": 0,
    "loadWithBaseUrl": true,
    "ruleArticles": "<js>\njson=[];\nif(baseUrl.match(/ /)){\nlist=baseUrl.replace(/http.*?wd=\\s*/,'').split(' ');\nfor(i in list){\nhref=list[i].match(/【(.*?)】/)[1];\ntext=list[i].match(/《(.*?)》/)[1];\nintro=list[i].match(/◎(.*?)◎/)[1];\nindex=list[i].match(/^(\\d+、\\d+、)/)?list[i].match(/^(\\d+、\\d+、)/)[1]:list[i].match(/^(.*?)【/)[1]\njson.push({text:text,src:href,intro:intro,index:index})\n}\n}\nJSON.stringify(json)</js>\n$.[*]",
    "ruleContent": "",
    "ruleImage": "$.src",
    "ruleLink": "$.index",
    "ruleNextPage": "",
    "rulePubDate": "$.intro",
    "ruleTitle": "$.text",
    "singleUrl": false,
    "sortUrl": "🔎 搜索::https://m.sm.cn/【https://gitee.com/i-c/tc/raw/master/dy/zy/smss.png】《神马搜索》◎基于移动互联网的搜索引擎◎ https://m.baidu.com/【https://gitee.com/i-c/tc/raw/master/dy/zy/bdss.png】《百度搜索》◎全球最大的中文搜索引擎◎ https://m.so.com/【https://gitee.com/i-c/tc/raw/master/dy/zy/360ss.png】《360搜索》◎360搜索SO靠谱◎ https://wap.sogou.com/【https://gitee.com/i-c/tc/raw/master/dy/zy/sgss.png】《搜狗搜索》◎搜狗搜索一搜既得◎ https://so.toutiao.com/【https://gitee.com/i-c/tc/raw/master/dy/zy/ttss.png】《头条搜索》◎精准、专业、快捷的搜索服务◎ https://fso.foxirj.com/【https://gitee.com/i-c/tc/raw/master/dy/zy/fs.png】《F搜》◎类似Google、必应、百度一样的搜索引擎◎ https://xgoogle.xyz/【https://gitee.com/i-c/tc/raw/master/dy/zy/ggss.png】《谷歌搜索》◎谷歌镜像｜全球最大的搜索引擎◎ https://cn.bing.com/【https://gitee.com/i-c/tc/raw/master/dy/zy/byss.png】《必应搜索》◎必应可帮助你将理论付诸实践◎ https://duckduckgo.com/【https://gitee.com/i-c/tc/raw/master/dy/zy/duckduckgo.png】《DuckDucKgo》◎隐私保护，化繁为简。◎ https://m.hao123.com/【https://gitee.com/i-c/tc/raw/master/dy/zy/hao123dh.png】《hao123导航》◎全网优质网址及资源的中文上网导航◎ http://h5.mse.360.cn/【https://gitee.com/i-c/tc/raw/master/dy/zy/360dh.png】《360导航》◎一个主页，整个世界◎ http://hao.uc.cn/【https://gitee.com/i-c/tc/raw/master/dy/zy/ucwzdh.png】《UC网址导航》◎UC网址导航是一个多功能的网站◎ http://m.duba.com/【https://gitee.com/i-c/tc/raw/master/dy/zy/dbwzdq.png】《毒霸网址大全》◎安全实用的上网导航◎\n\n\n🌟 百科::https://baike.baidu.com/【https://gitee.com/i-c/tc/raw/master/dy/zy/bdbk.png】《百度百科》◎全球领先的中文百科全书◎ https://baike.sogou.com/m/【https://gitee.com/i-c/tc/raw/master/dy/zy/sgbk.png】《搜狗百科》◎中文网络百科全书◎ https://m.baike.com/【https://gitee.com/i-c/tc/raw/master/dy/zy/ttbk.png】《头条百科》◎准确、全面、易读、丰富的网络百科全书◎ http://zh.wikipedia.org/【https://gitee.com/i-c/tc/raw/master/dy/zy/wjbk.png】《维基百科》◎自由的百科全书◎ https://www.bkzw.com/【https://gitee.com/i-c/tc/raw/master/dy/zy/bkzw.png】《百科植物》◎多样性、功能性、禁忌、生活小窍门◎ http://m.yanquecao.com/【https://gitee.com/i-c/tc/raw/master/dy/zy/yqc.png】《燕雀草》◎关于植物的百科全书◎ https://www.wanyuoxi.com/【https://gitee.com/i-c/tc/raw/master/dy/zy/jzbk.png】《介子百科》◎生活技巧与妙招◎\n\n\n📂 软件::https://www.ghxi.com/【https://gitee.com/i-c/tc/raw/master/dy/zy/gkbk.png】《果核剥壳》◎还原软件的本质◎ https://www.yxssp.com/【https://gitee.com/i-c/tc/raw/master/dy/zy/yxrj.png】《异星软件》◎推荐精选好用实用的软件及资源◎ https://www.appinn.com/【https://gitee.com/i-c/tc/raw/master/dy/zy/xzrj.png】《小众软件》◎分享免费、小巧、实用、有趣、绿色软件◎ https://foxirj.com/【https://gitee.com/i-c/tc/raw/master/dy/zy/fxrj.png】《佛系软件》◎精品Windows,macOS破解软件下载◎ https://www.rjsos.com/【https://gitee.com/i-c/tc/raw/master/dy/zy/rjsos.png】《软件SOS》◎软件安装、激活工具下载◎ https://www.yeyulingfeng.com/【https://gitee.com/i-c/tc/raw/master/dy/zy/yylf.png】《夜雨聆风》◎专注于互联网资源分享◎ https://www.lxapk.com/【https://gitee.com/i-c/tc/raw/master/dy/zy/lxrj.png】《乐享软件》◎专注于手机应用分享网站◎ https://www.52pojie.cn/【https://gitee.com/i-c/tc/raw/master/dy/zy/wapj.png】《吾爱破解》◎LSG，安卓破解，病毒分析◎ http://app.zero-l.cn/【https://gitee.com/i-c/tc/raw/master/dy/zy/zero-l.png】《ZERO-L影视软件》◎Zerone影视软件下载◎\n\n\n📱 资源::https://m.ziyuanm.com/【https://gitee.com/i-c/tc/raw/master/dy/zy/zym.png】《资源猫》◎分类目录整合全网资源◎ https://xinquji.com/【https://gitee.com/i-c/tc/raw/master/dy/zy/xqj.png】《新趣集》◎一起发现有趣的新产品◎ https://www.jizhihezi.com/【https://gitee.com/i-c/tc/raw/master/dy/zy/jzhz.png】《集知盒子》◎学习、办公、娱乐资源平台◎ https://www.zmt.wiki/【https://gitee.com/i-c/tc/raw/master/dy/zy/xmtdh.png】《新媒体导航》◎自媒体维基◎ https://www.hifast.cn/【https://gitee.com/i-c/tc/raw/master/dy/zy/kdhw.png】《快导航网》◎汇聚了网上较为优秀的网站◎ https://www.9ghao.com/【https://gitee.com/i-c/tc/raw/master/dy/zy/9gdh.png】《9G导航》◎收集国内外最实用最全的网址导航◎ http://www.016.cn/【https://gitee.com/i-c/tc/raw/master/dy/zy/016dh.png】《016导航》◎绿色干净无广告极速导航站◎ http://guozhivip.com/【https://gitee.com/i-c/tc/raw/master/dy/zy/gzdh.png】《果汁导航》◎各个领域的优质站点合集◎ http://m.ilxdh.com/【https://gitee.com/i-c/tc/raw/master/dy/zy/lxdh.png】《龙轩导航》◎准确又方便快捷资源平台◎ https://www.24kdh.com/【https://gitee.com/i-c/tc/raw/master/dy/zy/24kdh.png】《24k导航》◎专注全网优质网址、优质资源分享。◎ https://www.ak47s.cn/【https://gitee.com/i-c/tc/raw/master/dy/zy/ak47wzdh.png】《AK47网址导航》◎夜雨聆风旗下绿色无广告的网址导航◎ https://m.bidianer.com/【https://gitee.com/i-c/tc/raw/master/dy/zy/bdwzdh.png】《笔点网址导航》◎简洁的网址导航网站◎ http://m.2345.com/【https://gitee.com/i-c/tc/raw/master/dy/zy/2345wzdh.png】《2345网址导航》◎热门网址导航网罗精彩实用网址◎ http://h5.114la.com/【https://gitee.com/i-c/tc/raw/master/dy/zy/114lwzdh.png】《114啦网址导航》◎最多华人使用的上网导航◎\n\n\n💻 网盘::https://pan.baidu.com/【https://gitee.com/i-c/tc/raw/master/dy/zy/bdwp.png】《百度网盘》◎好不好用谁知道◎ https://www.jianguoyun.com/d/home#/home【https://gitee.com/i-c/tc/raw/master/dy/zy/jgy.png】《坚果云》◎免费个人网盘、网络存储盘◎ https://up.woozooo.com/account.php?action=login&ref=/mydisk.php【https://gitee.com/i-c/tc/raw/master/dy/zy/lzy.png】《蓝奏云》◎云存储、下载无限制◎ https://pan.miaogongzi.net/【https://gitee.com/i-c/tc/raw/master/dy/zy/my.png】《Meow云》◎在线下载应用，同步手机数据和查找手机◎ https://m.fastsoso.cn/【https://gitee.com/i-c/tc/raw/master/dy/zy/fastsoso.png】《fastsoso》◎网盘搜索◎\n\n\n⚒️ 工具::https://bgmcat.com/【https://gitee.com/i-c/tc/raw/master/dy/zy/bgmm.png】《BGM猫》◎视频配乐、片头音乐◎ https://www.67tool.com/【https://gitee.com/i-c/tc/raw/master/dy/zy/jsgj.png】《即时工具》◎即用即走型在线工具箱◎ https://www.iamwawa.cn/【https://gitee.com/i-c/tc/raw/master/dy/zy/wwgj.png】《蛙蛙工具》◎便捷的在线工具网站◎ https://www.dute.org/【https://gitee.com/i-c/tc/raw/master/dy/zy/dtgjx.png】《独特工具箱》◎免费在线工具◎ https://tools.miku.ac/【https://gitee.com/i-c/tc/raw/master/dy/zy/mikutools.png】《MikuTools》◎一个轻量的工具集合◎ http://www.gjw123.com/【https://gitee.com/i-c/tc/raw/master/dy/zy/gj123.png】《工具123》◎在线免安装的工具网站◎ https://ol.woobx.cn/【https://gitee.com/i-c/tc/raw/master/dy/zy/ygmh.png】《一个木函》◎轻量级的效率工具集合◎ https://www.qtool.net/【https://gitee.com/i-c/tc/raw/master/dy/zy/qtoolgj.png】《qtool工具》◎常用的工具箱◎ https://tool.lu/【https://gitee.com/i-c/tc/raw/master/dy/zy/zxgj.png】《在线工具》◎你的工具箱◎ https://c.runoob.com/【https://gitee.com/i-c/tc/raw/master/dy/zy/cngj.png】《菜鸟工具》◎不止于工具◎ http://www.seeol.com/【https://gitee.com/i-c/tc/raw/master/dy/zy/shxgj.png】《生活小工具》◎贴身生活必备工具◎ https://tools.fun/【https://gitee.com/i-c/tc/raw/master/dy/zy/toolsfun.png】《Toolsfun》◎开发人员工具箱◎ http://tool.cccyun.cc/【https://gitee.com/i-c/tc/raw/master/dy/zy/chgj.png】《彩虹工具》◎免费手机工具、wap站长工具、源代码查看器◎ https://www.sojson.com/【https://gitee.com/i-c/tc/raw/master/dy/zy/sojson.png】《SOJSON》◎JSON在线工具◎ http://www.jsons.cn/【https://gitee.com/i-c/tc/raw/master/dy/zy/json.png】《Json》◎Jsons在线工具◎ https://www.html5tricks.com/【https://gitee.com/i-c/tc/raw/master/dy/zy/html5.png】《HTML5资源教程》◎分享HTML5开发资源和开发教程◎ http://www.all-tool.cn/【https://gitee.com/i-c/tc/raw/master/dy/zy/zzgjdq.png】《站长工具大全》◎在线工具◎ https://www.aizhan.com/【https://gitee.com/i-c/tc/raw/master/dy/zy/azw.png】《爱站网》◎站长工具-百度权重排名、站长seo查询◎ http://mtool.chinaz.com/【https://gitee.com/i-c/tc/raw/master/dy/zy/zzgj.png】《站长工具》◎站长必备检查工具◎ https://imagestool.com/zh_CN/【https://gitee.com/i-c/tc/raw/master/dy/zy/tpcl.png】《图片处理》◎无需上传文件也可在线处理图片◎ https://tu.lingtings.com/【https://gitee.com/i-c/tc/raw/master/dy/zy/jhtc.png】《聚合图床》◎图床大全｜链接图片小工具◎ http://imgdh.com/【https://gitee.com/i-c/tc/raw/master/dy/zy/tcdh.png】《图床导航》◎各类图床聚合站◎ https://yunduanxin.net/【https://gitee.com/i-c/tc/raw/master/dy/zy/ydx.png】《云短信》◎在线接收短信、短信验证码◎ https://freesms.vip/【https://gitee.com/i-c/tc/raw/master/dy/zy/dxyzm.png】《短信验证码》◎免费接收接码◎\n\n\n🎮 游戏::http://h.4399.com/wap/【https://gitee.com/i-c/tc/raw/master/dy/zy/4399.png】《4399小游戏》◎🔎登录｜无需下载马上玩-h5游戏平台◎ http://m.7k7k.com/【https://gitee.com/i-c/tc/raw/master/dy/zy/7k7k.png】《7k7k小游戏》◎🔎登录｜小游戏大全、双人小游戏◎ https://xingye.me/game/index.php【https://gitee.com/i-c/tc/raw/master/dy/zy/xy.png】《星夜小游戏》◎星夜小游戏平台聚合◎ https://www.yikm.net/【https://gitee.com/i-c/tc/raw/master/dy/zy/xbwyx.png】《小霸王游戏》◎小霸王游戏合集◎ https://rubiks-cube-solver.com/zh/【https://gitee.com/i-c/tc/raw/master/dy/zy/mfqjq.png】《魔方求解器》◎计算乱魔方的复原步骤◎\n\n\n💯 字体::https://ziyouziti.com/【https://gitee.com/i-c/tc/raw/master/dy/zy/zyzt.png】《自由字体》◎国内权威的免费字体网站◎ https://m.fonts.net.cn/【https://gitee.com/i-c/tc/raw/master/dy/zy/zttx.png】《字体天下》◎各类字体的免费下载和在线预览◎ https://www.mianfeiziti.cn/【https://gitee.com/i-c/tc/raw/master/dy/zy/ztxz.png】《字体下载》◎各种免费可商用字体下载◎ https://www.mianfeiziti.com/【https://gitee.com/i-c/tc/raw/master/dy/zy/mfzt.png】《免费字体》◎🔎登录｜完全免费的字体下载网站◎ https://www.100font.com/【https://gitee.com/i-c/tc/raw/master/dy/zy/100font.png】《100font》◎免费商用字体下载网站◎ https://freefonts.top/【https://gitee.com/i-c/tc/raw/master/dy/zy/ztsj.png】《字体世界》◎各种字体免费下载和在线预览◎ https://www.maoken.com/【https://gitee.com/i-c/tc/raw/master/dy/zy/mkw.png】《猫啃网》◎免费商用中文字体下载网站◎ https://m.font.chinaz.com/【https://gitee.com/i-c/tc/raw/master/dy/zy/zzzt.png】《站长字体》◎各种字体免费下载网◎ http://www.zku.net/【https://gitee.com/i-c/tc/raw/master/dy/zy/zkw.png】《字库网》◎在线字体、下载、商业授权、字体转换◎ https://www.qqxiuzi.cn/daohang.htm【https://gitee.com/i-c/tc/raw/master/dy/zy/qqxz.png】《千千秀字》◎字体导航、在线转换◎\n\n\n➕ 医疗::http://www.wiki8.com/【https://gitee.com/i-c/tc/raw/master/dy/zy/yxbk.png】《医学百科》◎实用的医学百科全书◎ https://www.yixue.com/wap/index.html【https://gitee.com/i-c/tc/raw/master/dy/zy/yxzsk.png】《医学百科》◎公益医学知识库◎ https://m.familydoctor.com.cn/【https://gitee.com/i-c/tc/raw/master/dy/zy/jtyszx.png】《家庭医生》◎领先的医疗健康新媒体◎ https://m.120ask.com/【https://gitee.com/i-c/tc/raw/master/dy/zy/kswys.png】《快速问医生》◎搜疾病，药品，偏方，问答◎ http://3g.xywy.com/【https://gitee.com/i-c/tc/raw/master/dy/zy/xywy.png】《寻医问药》◎药品库◎ http://wapypk.39.net/【https://gitee.com/i-c/tc/raw/master/dy/zy/ypt.png】《药品通》◎专业全面的国内外药品查询网站◎ https://www.3dbody.com/html5app/zhongyiMianPc/index.html【https://gitee.com/i-c/tc/raw/master/dy/zy/3djlxw.png】《3D经络穴位》◎立体穴位定位及经络走向◎\n\n\n🍲 养生::https://m.cndzys.com/【https://gitee.com/i-c/tc/raw/master/dy/zy/dzysw.png】《大众养生》◎养生第一门户◎ http://www.cf555.com/mm.html【https://gitee.com/i-c/tc/raw/master/dy/zy/bsg.png】《百食阁》◎食物功效与禁忌，食疗保健养生◎ https://www.wys.net/【https://gitee.com/i-c/tc/raw/master/dy/zy/wys.png】《微养生》◎养生知识和养生经验平台◎ https://m.jiankang.com/【https://gitee.com/i-c/tc/raw/master/dy/zy/bxjkw.png】《百姓健康》◎权威的医疗健康门户◎ http://m.39.net/【https://gitee.com/i-c/tc/raw/master/dy/zy/39jkw.png】《39健康网》◎优质医疗保健信息与在线健康服务平台◎ https://m.cnys.com/【https://gitee.com/i-c/tc/raw/master/dy/zy/cnys.png】《彩牛养生》◎权威健康科普内容平台◎\n\n\n🍅 食谱::http://h5.izhangchu.com/【https://gitee.com/i-c/tc/raw/master/dy/zy/zc.png】《掌厨》◎视频菜谱网站◎ https://m.xiangha.com/【https://gitee.com/i-c/tc/raw/master/dy/zy/xh.png】《香哈》◎菜谱大全-学做菜、秀美食！◎ http://m.meishij.net/【https://gitee.com/i-c/tc/raw/master/dy/zy/msj.png】《美食杰》◎家常菜做法大全，收集天下美食菜谱图片◎ https://cook.yunyoujun.cn/【https://gitee.com/i-c/tc/raw/master/dy/zy/glsysc.png】《隔离食用手册》◎好的，今天我们来做菜！◎ https://m.xiachufang.com/【https://gitee.com/i-c/tc/raw/master/dy/zy/xcf.png】《下厨房》◎厨师和美食爱好者记录、分享的平台。◎ https://m.meishichina.com/【https://gitee.com/i-c/tc/raw/master/dy/zy/mstx.png】《美食天下》◎原创菜谱与美食生活社区◎ https://www.xinshipu.com/【https://gitee.com/i-c/tc/raw/master/dy/zy/xsp.png】《心食谱》◎菜谱大全、家常菜谱◎ http://www.meishi13.com/【https://gitee.com/i-c/tc/raw/master/dy/zy/msys.png】《美食一生》◎家常菜谱大全◎\n\n\n🐼 萌宠::https://m.dog126.com/【https://gitee.com/i-c/tc/raw/master/dy/zy/tgw.png】《淘狗网》◎中国宠物狗销售商城◎ https://www.birdnet.cn/【https://gitee.com/i-c/tc/raw/master/dy/zy/nw.png】《鸟网》◎鸟类百科大全◎ http://www.chongwumao.com.cn/【https://gitee.com/i-c/tc/raw/master/dy/zy/cwmw.png】《宠物猫网》◎免费买猫卖猫平台◎\n\n\n💠 导航::http://www.549.tv/【https://gitee.com/i-c/tc/raw/master/dy/ys/yssl.png】《影视森林》◎观影第一站，影视资源聚合◎ https://www.smdyb.com/【https://gitee.com/i-c/tc/raw/master/dy/ys/smdy.png】《神马电影导航吧》◎收集高清在线资源网站◎ https://anee.cc/【https://gitee.com/i-c/tc/raw/master/dy/ys/ayys.png】《安逸影视导航》◎一家集合全网影视专业导航网站◎ https://www.baicp.com/【https://gitee.com/i-c/tc/raw/master/dy/ys/dydhw.png】《电影导航网》◎电影网站大全◎ http://www.2cydh.com/【https://gitee.com/i-c/tc/raw/master/dy/ys/ecydh.png】《二次元导航》◎动漫、漫画网站大全◎ https://www.acgjj.com/【https://gitee.com/i-c/tc/raw/master/dy/ys/acgjj.png】《ACG聚集》◎二次元宝藏资源聚合◎ https://myacg.xyz/【https://gitee.com/i-c/tc/raw/master/dy/ys/myacghz.png】《MyACG盒子》◎专攻ACGの导航盒子◎ https://www.acgbox.link/【https://gitee.com/i-c/tc/raw/master/dy/ys/acghz.png】《ACG盒子》◎🚀VPN｜专注ACG的导航盒子◎ https://www.shangwaiwang.com/【https://gitee.com/i-c/tc/raw/master/dy/ys/sww.png】《上外网》◎🚀VPN｜外网网址导航◎\n\n\n📺 影视::https://www.ai66.cc/【https://gitee.com/i-c/tc/raw/master/dy/ys/xb6vdy.png】《新版6V电影》◎6V电影网◎ https://www.appmovie.cc/【https://gitee.com/i-c/tc/raw/master/dy/ys/appyy.png】《APP影院》◎全网最全视频库◎ https://www.555dyy5.com/【https://gitee.com/i-c/tc/raw/master/dy/ys/555dy.png】《555电影》◎发布页地址：https://www.gtbyw.com/◎ https://cupfox.app/【https://gitee.com/i-c/tc/raw/master/dy/ys/cbh.png】《茶杯狐》◎中国最大的影视资源聚合搜索引擎◎ https://dy18.fun/【https://gitee.com/i-c/tc/raw/master/dy/ys/hldy.png】《黑料电影》◎超前看大片◎ https://www.bdys01.com/【https://gitee.com/i-c/tc/raw/master/dy/ys/bdys.png】《哔嘀影视》◎发布页地址：https://www.bdys.me/◎ https://xkys123.com/【https://gitee.com/i-c/tc/raw/master/dy/ys/xkys.png】《星空影视》◎专业的网络视频播放平台◎ https://ddys.art/【https://gitee.com/i-c/tc/raw/master/dy/ys/ddys.png】《低端影视》◎超清在线视频｜https://ddys.site/◎ https://www.wcmov.com/【https://gitee.com/i-c/tc/raw/master/dy/ys/jjyy.png】《竞技影院》◎免费高清电影院◎ https://www.libvio.me/【https://gitee.com/i-c/tc/raw/master/dy/ys/libvio.png】《LIBVIO》◎海内外优质影视｜https://libvio.app/◎ https://www.wandou.pro/【https://gitee.com/i-c/tc/raw/master/dy/ys/wdpro.png】《豌豆PRO》◎专业的电影搜索引擎◎ https://www.pianbus.com/【https://gitee.com/i-c/tc/raw/master/dy/ys/pbyy.png】《片吧影院》◎精品电影网站◎ https://www.czzzu.com/【https://gitee.com/i-c/tc/raw/master/dy/ys/czzy.png】《厂长资源》◎在线视频◎ https://www.bttwo.net/【https://gitee.com/i-c/tc/raw/master/dy/ys/lgbt.png】《两个BT》◎发布地址：https://www.bttwo.vip/◎ https://www.fuju1.tv/【】《腐剧TV》◎腐剧、BL动漫、同性电影、百合◎ https://www.bl210.top/【】《曙光影视》◎腐剧、耽美、泰剧暖光影视官网◎ https://www.tj8.top/【】《泰剧网》◎腐剧、耽美、泰剧暖光影视官网◎\n\n\n🎬 外影::https://www.chaospace.fun/【https://gitee.com/i-c/tc/raw/master/dy/ys/chaospace.png】《CHAOSPACE》◎外国影视资源站◎ https://wap.meijutt.tv/【https://gitee.com/i-c/tc/raw/master/dy/ys/mjtt.png】《美剧天堂》◎美剧天堂◎ https://www.mjutv.cn/【https://gitee.com/i-c/tc/raw/master/dy/ys/mjw.png】《美剧网》◎美剧网◎ https://www.mjtv.me/【https://gitee.com/i-c/tc/raw/master/dy/ys/mjtv.png】《美剧TV》◎美剧TV◎ http://www.tjtt.cc/【https://gitee.com/i-c/tc/raw/master/dy/ys/tjtt.png】《泰剧天堂》◎泰剧天堂◎ https://www.hjutv.cn/【https://gitee.com/i-c/tc/raw/master/dy/ys/hjw.png】《韩剧网》◎韩剧网站◎ http://www.han-ju.cc/【https://gitee.com/i-c/tc/raw/master/dy/ys/xhjw.png】《新韩剧网》◎97韩剧网◎ https://www.hanjuxx.com/【https://gitee.com/i-c/tc/raw/master/dy/ys/hjdq.png】《韩剧大全》◎韩剧大全◎\n\n\n🐻‍ 动漫::https://dm530.org/【https://gitee.com/i-c/tc/raw/master/dy/ys/fcdm.png】《风车动漫》◎拥有上万集高清晰画质的在线动漫◎ http://www.nicotv.club/【https://gitee.com/i-c/tc/raw/master/dy/ys/nkdm.png】《妮可动漫》◎追番补番的集中营，宅男腐女的秘密基地◎\n\n\n✔️ 解析::https://www.strerr.com/【https://gitee.com/i-c/tc/raw/master/dy/ys/spfmxz.png】《视频封面下载》◎油管、B站、N站、西瓜封面下载◎ https://www.m4410.com/【https://gitee.com/i-c/tc/raw/master/dy/ys/syjx.png】《鲨鱼解析》◎视频聚合、VIP解析、音乐搜索器◎ https://video.zhuolin.wang/【https://gitee.com/i-c/tc/raw/master/dy/ys/vipspjxw.png】《视频解析》◎视频解析、在线观看、音乐解析◎ https://vip.yeyulingfeng.com/【https://gitee.com/i-c/tc/raw/master/dy/ys/yylf.png】《夜雨聆风》◎视频解析◎ https://superparse.com/【https://gitee.com/i-c/tc/raw/master/dy/ys/superparse.png】《超级解析》◎国外知名视频网站解析◎ https://tools.6yit.com/zaixianjiexi/【https://gitee.com/i-c/tc/raw/master/dy/ys/lyjx.png】《六音解析》◎视频解析◎",
    "sourceComment": "//图标zy后面加1可以替换成白底黑字。例：https://gitee.com/i-c/tc/raw/master/dy/tb/zy1.png",
    "sourceGroup": "📱 资源",
    "sourceIcon": "https://gitee.com/i-c/tc/raw/master/dy/tb/zy.png",
    "sourceName": "资源ᴢᵞ",
    "sourceUrl": "资源合集"
  },
  {
    "articleStyle": 0,
    "customOrder": 0,
    "enableJs": true,
    "enabled": true,
    "enabledCookieJar": true,
    "lastUpdateTime": 0,
    "loadWithBaseUrl": true,
    "ruleArticles": "entries",
    "ruleDescription": "<title>{{$.name}}</title>\n<iframe src=\"legado://import/auto?src=https://www.gitlink.org.cn/api/yi-c/yd/raw?filepath={{$.path}}\" hidden></iframe>\n<br><h3>{{$.name}}</h3>\n<h5>导入不成功？多导入几次试试<br>提示没有浏览器，升级阅读3.0到最新版<br>格式不对，提示英文，使用电信网络/魔法上网<br>如果导入后不会用，请关注微信公众号<br>阅读加油<br>有食用教程滴</h5>\n<h6><b>\n↓资源链接，点击复制\n<a href=\"legado://import/auto?src=https://www.gitlink.org.cn/api/yi-c/yd/raw?filepath={{$.path}}\">一键导入</a>\n<textarea id=\"copy\" onclick=\"copy()\">https://www.gitlink.org.cn/api/yi-c/yd/raw?filepath={{$.path}}</textarea>\n{{$..message}}😊{{$..created_at}}😊{{$..time_from_now}}\n</b></h6><style>\na{float:right;text-decoration:none}\nh3,h5{text-align:center}\nh6{margin:0 2;position:sticky;top:30%}\ntextarea{width:100%;border-radius:5px}\n</style><script>\nfunction copy(){\n\tdocument.getElementById('copy').select()\n\tdocument.execCommand('copy')\n\talert(\"链接复制成功👉请粘贴到对应导入地方导入\")\n}\n</script>",
    "ruleImage": "@js:\"https://inisqw.gitee.io/rss/66.jpg\"",
    "ruleLink": "https://www.gitlink.org.cn/api/yi-c/yd/raw?filepath={{$.path}}",
    "rulePubDate": "{{$..created_at}}😊{{$..time_from_now}}😊{{$..message}}",
    "ruleTitle": "name",
    "singleUrl": false,
    "sourceIcon": "https://inisqw.gitee.io/rss/66.jpg",
    "sourceName": "一程(一起开源发布页)(一键导入)",
    "sourceUrl": "https://www.gitlink.org.cn/api/yi-c/yd/entries.json?ref=master"
  },
  {
    "articleStyle": 0,
    "customOrder": 2,
    "enableJs": true,
    "enabled": true,
    "enabledCookieJar": true,
    "lastUpdateTime": 0,
    "loadWithBaseUrl": true,
    "singleUrl": true,
    "sourceGroup": "legado",
    "sourceIcon": "https://cdn.jsdelivr.net/gh/gedoor/legado@master/app/src/main/res/mipmap-hdpi/ic_launcher.png",
    "sourceName": "使用说明",
    "sourceUrl": "https://www.yuque.com/legado"
  },
  {
    "articleStyle": 0,
    "customOrder": 3,
    "enableJs": true,
    "enabled": true,
    "enabledCookieJar": true,
    "lastUpdateTime": 0,
    "loadWithBaseUrl": true,
    "singleUrl": true,
    "sourceGroup": "legado",
    "sourceIcon": "http://mmbiz.qpic.cn/mmbiz_png/hpfMV8hEuL2eS6vnCxvTzoOiaCAibV6exBzJWq9xMic9xDg3YXAick87tsfafic0icRwkQ5ibV0bJ84JtSuxhPuEDVquA/0?wx_fmt=png",
    "sourceName": "小说拾遗",
    "sourceUrl": "snssdk1128://user/profile/562564899806367"
  },
  {
    "articleStyle": 0,
    "customOrder": 4,
    "enableJs": true,
    "enabled": true,
    "enabledCookieJar": true,
    "lastUpdateTime": 0,
    "loadWithBaseUrl": true,
    "singleUrl": true,
    "sourceGroup": "legado",
    "sourceIcon": "https://cdn.jsdelivr.net/gh/mgz0227/meowcloud/icon.png",
    "sourceName": "Meow云",
    "sourceUrl": "https://pan.miaogongzi.net"
  },
  {
    "articleStyle": 0,
    "customOrder": 5,
    "enableJs": true,
    "enabled": true,
    "enabledCookieJar": true,
    "lastUpdateTime": 0,
    "loadWithBaseUrl": true,
    "singleUrl": true,
    "sourceGroup": "legado",
    "sourceIcon": "https://cdn.jsdelivr.net/gh/gedoor/legado@master/app/src/main/res/mipmap-hdpi/ic_launcher.png",
    "sourceName": "烏雲净化",
    "sourceUrl": "https://www.lanzoux.com/b0bw8jwoh"
  }
]